5S8I_2LY,/home/carmen/docking/results/results_posebusters_unimol/5S8I_2LY/5S8I_2LY_unimol.sdf,mol_at_pos_0,True,True,True,True,True,True,True,True,True,True,True,True,True,True,True,True,True,True,True,True,True,True,True,True,True,True,True
5SAK_ZRY,/home/carmen/docking/results/results_posebusters_unimol/5SAK_ZRY/5SAK_ZRY_unimol.sdf,mol_at_pos_0,True,True,True,True,True,True,True,True,True,True,True,True,True,True,True,True,True,True,True,True,True,True,True,True,True,True,True
5SD5_HWI,/home/carmen/docking/results/results_posebusters_unimol/5SD5_HWI/5SD5_HWI_unimol.sdf,mol_at_pos_0,True,True,True,True,True,True,True,True,True,True,True,True,True,True,True,True,True,True,True,True,True,True,True,True,True,True,True
5SIS_JSM,/home/carmen/docking/results/results_posebusters_unimol/5SIS_JSM/5SIS_JSM_unimol.sdf,mol_at_pos_0,True,True,True,True,True,True,True,True,True,True,True,True,True,True,True,True,True,True,True,True,True,True,True,True,True,True,True
6M2B_EZO,/home/carmen/docking/results/results_posebusters_unimol/6M2B_EZO/6M2B_EZO_unimol.sdf,mol_at_pos_0,True,True,True,True,True,True,True,True,True,True,True,True,True,True,True,True,True,True,True,True,True,True,True,True,True,True,True
6VTA_AKN,/home/carmen/docking/results/results_posebusters_unimol/6VTA_AKN/6VTA_AKN_unimol.sdf,mol_at_pos_0,True,True,True,True,True,True,True,True,True,False,True,True,True,True,True,True,True,True,True,True,True,True,True,True,True,True,False
6W59_SZD,/home/carmen/docking/results/results_posebusters_unimol/6W59_SZD/6W59_SZD_unimol.sdf,mol_at_pos_0,True,True,True,True,True,True,True,True,True,True,True,True,True,True,True,True,True,True,True,True,True,True,True,True,True,True,False
6X8D_ARA,/home/carmen/docking/results/results_posebusters_unimol/6X8D_ARA/6X8D_ARA_unimol.sdf,mol_at_pos_0,True,True,True,True,True,True,True,True,True,False,True,True,True,True,True,True,True,True,True,True,True,True,True,True,True,True,False
6XBO_5MC,/home/carmen/docking/results/results_posebusters_unimol/6XBO_5MC/6XBO_5MC_unimol.sdf,mol_at_pos_0,True,True,True,True,True,True,True,True,True,True,True,True,True,True,True,True,True,True,True,True,True,True,True,True,True,True,True
6XCT_478,/home/carmen/docking/results/results_posebusters_unimol/6XCT_478/6XCT_478_unimol.sdf,mol_at_pos_0,True,True,True,True,True,True,True,True,True,True,True,True,True,True,True,True,True,True,True,True,True,True,True,True,True,True,False
6XG5_TOP,/home/carmen/docking/results/results_posebusters_unimol/6XG5_TOP/6XG5_TOP_unimol.sdf,mol_at_pos_0,True,True,True,True,True,True,True,True,True,True,True,True,True,True,True,True,True,True,True,True,True,True,True,True,True,True,True
6XHT_V2V,/home/carmen/docking/results/results_posebusters_unimol/6XHT_V2V/6XHT_V2V_unimol.sdf,mol_at_pos_0,True,True,True,True,True,True,True,True,True,True,True,True,True,True,True,True,True,True,True,True,True,True,True,True,True,True,True
6XM9_V55,/home/carmen/docking/results/results_posebusters_unimol/6XM9_V55/6XM9_V55_unimol.sdf,mol_at_pos_0,True,True,True,True,True,True,True,True,True,True,True,True,True,True,True,True,True,True,True,True,True,True,True,True,True,True,True
6XUM_30L,/home/carmen/docking/results/results_posebusters_unimol/6XUM_30L/6XUM_30L_unimol.sdf,mol_at_pos_0,True,True,True,True,True,True,True,True,True,True,True,True,True,True,True,True,True,True,True,True,True,True,True,True,True,True,True
6Y7L_QMG,/home/carmen/docking/results/results_posebusters_unimol/6Y7L_QMG/6Y7L_QMG_unimol.sdf,mol_at_pos_0,True,True,True,True,True,True,True,True,True,True,True,True,True,True,True,True,True,True,True,True,True,True,True,True,True,True,True
6YDY_K73,/home/carmen/docking/results/results_posebusters_unimol/6YDY_K73/6YDY_K73_unimol.sdf,mol_at_pos_0,True,True,True,True,True,True,True,True,True,True,True,True,True,True,True,True,True,True,True,True,True,True,True,True,True,True,True
6YJA_2BA,/home/carmen/docking/results/results_posebusters_unimol/6YJA_2BA/6YJA_2BA_unimol.sdf,mol_at_pos_0,True,True,True,True,True,True,True,True,True,True,True,True,True,True,True,True,True,True,True,True,True,True,True,True,True,True,True
6YMS_OZH,/home/carmen/docking/results/results_posebusters_unimol/6YMS_OZH/6YMS_OZH_unimol.sdf,mol_at_pos_0,True,True,True,True,True,True,True,True,True,True,True,True,True,True,True,True,True,True,True,True,True,True,True,True,True,True,False
6YQV_8K2,/home/carmen/docking/results/results_posebusters_unimol/6YQV_8K2/6YQV_8K2_unimol.sdf,mol_at_pos_0,True,True,True,True,True,True,True,True,True,True,True,True,True,True,True,True,True,True,True,True,True,True,True,True,True,True,True
6YQW_82I,/home/carmen/docking/results/results_posebusters_unimol/6YQW_82I/6YQW_82I_unimol.sdf,mol_at_pos_0,True,True,True,True,True,True,True,True,True,True,True,True,True,True,True,True,True,True,True,True,True,True,True,True,True,True,True
6YR2_T1C,/home/carmen/docking/results/results_posebusters_unimol/6YR2_T1C/6YR2_T1C_unimol.sdf,mol_at_pos_0,True,True,True,True,True,True,True,True,True,False,True,True,True,True,True,True,True,True,True,True,True,True,True,True,True,True,True
6YRV_PJ8,/home/carmen/docking/results/results_posebusters_unimol/6YRV_PJ8/6YRV_PJ8_unimol.sdf,mol_at_pos_0,True,True,True,True,True,True,True,True,True,True,True,True,True,True,True,True,True,True,True,True,True,True,True,True,True,True,True
6YSP_PAL,/home/carmen/docking/results/results_posebusters_unimol/6YSP_PAL/6YSP_PAL_unimol.sdf,mol_at_pos_0,True,True,True,True,True,True,True,True,True,True,True,True,True,True,True,True,True,True,False,True,True,True,True,True,True,True,True
6YT6_PKE,/home/carmen/docking/results/results_posebusters_unimol/6YT6_PKE/6YT6_PKE_unimol.sdf,mol_at_pos_0,True,True,True,True,True,True,True,True,True,True,True,True,True,True,True,True,True,True,True,True,True,True,True,True,True,True,True
6YYO_Q1K,/home/carmen/docking/results/results_posebusters_unimol/6YYO_Q1K/6YYO_Q1K_unimol.sdf,mol_at_pos_0,True,True,True,True,True,True,True,True,True,True,True,True,True,True,True,True,True,True,True,True,True,True,True,True,True,True,True
6Z0R_Q4H,/home/carmen/docking/results/results_posebusters_unimol/6Z0R_Q4H/6Z0R_Q4H_unimol.sdf,mol_at_pos_0,True,True,True,True,True,True,True,True,True,True,True,True,True,True,True,True,True,True,True,True,True,True,True,True,True,True,True
6Z14_Q4Z,/home/carmen/docking/results/results_posebusters_unimol/6Z14_Q4Z/6Z14_Q4Z_unimol.sdf,mol_at_pos_0,True,True,True,True,True,True,True,True,True,False,True,True,True,True,True,True,True,True,True,True,True,True,True,True,True,True,True
6Z1C_7EY,/home/carmen/docking/results/results_posebusters_unimol/6Z1C_7EY/6Z1C_7EY_unimol.sdf,mol_at_pos_0,True,True,True,True,True,True,True,True,True,True,True,True,True,True,True,True,True,True,True,True,True,True,True,True,True,True,True
6Z2C_Q5E,/home/carmen/docking/results/results_posebusters_unimol/6Z2C_Q5E/6Z2C_Q5E_unimol.sdf,mol_at_pos_0,True,True,True,True,True,True,True,True,True,True,True,True,True,True,True,True,True,True,True,True,True,True,True,True,True,True,True
6Z4N_Q7B,/home/carmen/docking/results/results_posebusters_unimol/6Z4N_Q7B/6Z4N_Q7B_unimol.sdf,mol_at_pos_0,True,True,True,True,True,True,True,True,True,False,True,True,True,True,True,True,True,True,True,True,True,True,True,True,True,True,True
6Z5Z_BDF,/home/carmen/docking/results/results_posebusters_unimol/6Z5Z_BDF/6Z5Z_BDF_unimol.sdf,mol_at_pos_0,True,True,True,True,True,True,True,True,True,True,True,True,True,True,True,True,True,True,True,True,True,True,True,True,True,True,False
6ZAE_ACV,/home/carmen/docking/results/results_posebusters_unimol/6ZAE_ACV/6ZAE_ACV_unimol.sdf,mol_at_pos_0,True,True,True,True,True,True,True,True,True,False,True,True,True,True,True,True,True,True,True,True,True,True,True,True,True,True,False
6ZC3_JOR,/home/carmen/docking/results/results_posebusters_unimol/6ZC3_JOR/6ZC3_JOR_unimol.sdf,mol_at_pos_0,True,True,True,True,True,True,True,True,True,True,True,True,True,True,True,True,True,True,True,True,True,True,True,True,True,True,False
6ZCY_QF8,/home/carmen/docking/results/results_posebusters_unimol/6ZCY_QF8/6ZCY_QF8_unimol.sdf,mol_at_pos_0,True,True,True,True,True,True,True,True,True,True,True,True,True,True,True,True,True,True,True,True,True,True,True,True,True,True,True
6ZPB_3D1,/home/carmen/docking/results/results_posebusters_unimol/6ZPB_3D1/6ZPB_3D1_unimol.sdf,mol_at_pos_0,True,True,True,True,True,True,True,True,True,True,True,True,True,True,True,True,True,True,True,True,True,True,True,True,True,True,True
6ZR8_QOZ,/home/carmen/docking/results/results_posebusters_unimol/6ZR8_QOZ/6ZR8_QOZ_unimol.sdf,mol_at_pos_0,True,True,True,True,True,True,True,True,True,True,True,True,True,True,True,True,True,True,True,True,True,True,True,True,True,True,True
6ZT2_QPK,/home/carmen/docking/results/results_posebusters_unimol/6ZT2_QPK/6ZT2_QPK_unimol.sdf,mol_at_pos_0,True,True,True,True,True,True,True,True,True,True,True,True,True,True,True,True,True,True,True,True,True,True,True,True,True,True,True
6ZXQ_IMO,/home/carmen/docking/results/results_posebusters_unimol/6ZXQ_IMO/6ZXQ_IMO_unimol.sdf,mol_at_pos_0,True,True,True,True,True,True,True,True,True,True,True,True,True,True,True,True,True,True,True,True,True,True,True,True,True,True,True
7A1P_QW2,/home/carmen/docking/results/results_posebusters_unimol/7A1P_QW2/7A1P_QW2_unimol.sdf,mol_at_pos_0,True,True,True,True,True,True,True,True,True,True,True,True,True,True,True,True,True,True,True,True,True,True,True,True,True,True,True
7A9E_R4W,/home/carmen/docking/results/results_posebusters_unimol/7A9E_R4W/7A9E_R4W_unimol.sdf,mol_at_pos_0,True,True,True,True,True,True,True,True,True,True,True,True,True,True,True,True,True,True,True,True,True,True,True,True,True,True,True
7A9H_TPP,/home/carmen/docking/results/results_posebusters_unimol/7A9H_TPP/7A9H_TPP_unimol.sdf,mol_at_pos_0,True,True,True,True,True,True,True,True,True,True,True,True,True,True,True,True,True,True,True,True,True,True,True,True,True,True,True
7AA0_R6B,/home/carmen/docking/results/results_posebusters_unimol/7AA0_R6B/7AA0_R6B_unimol.sdf,mol_at_pos_0,True,True,True,True,True,True,True,True,True,True,True,True,True,True,True,True,True,True,True,True,True,True,True,True,True,True,True
7AKL_RK5,/home/carmen/docking/results/results_posebusters_unimol/7AKL_RK5/7AKL_RK5_unimol.sdf,mol_at_pos_0,True,True,True,True,True,True,True,True,True,True,True,True,True,True,True,True,True,True,True,True,True,True,True,True,True,True,False
7AMC_73B,/home/carmen/docking/results/results_posebusters_unimol/7AMC_73B/7AMC_73B_unimol.sdf,mol_at_pos_0,True,True,True,True,True,True,True,True,True,True,True,True,True,True,True,True,True,True,True,True,True,True,True,True,True,True,True
7AN5_RDH,/home/carmen/docking/results/results_posebusters_unimol/7AN5_RDH/7AN5_RDH_unimol.sdf,mol_at_pos_0,True,True,True,True,True,True,True,True,True,True,True,True,True,True,True,True,True,True,True,True,True,True,True,True,True,True,False
7AVI_S2Q,/home/carmen/docking/results/results_posebusters_unimol/7AVI_S2Q/7AVI_S2Q_unimol.sdf,mol_at_pos_0,True,True,True,True,True,True,True,True,True,True,True,True,True,True,True,True,True,True,True,True,True,True,True,True,True,True,True
7B2C_TP7,/home/carmen/docking/results/results_posebusters_unimol/7B2C_TP7/7B2C_TP7_unimol.sdf,mol_at_pos_0,True,True,True,True,True,True,True,True,True,True,True,True,True,True,True,True,True,True,True,True,True,True,True,True,True,True,True
7B94_ANP,/home/carmen/docking/results/results_posebusters_unimol/7B94_ANP/7B94_ANP_unimol.sdf,mol_at_pos_0,True,True,True,True,True,True,True,True,True,True,True,True,True,True,True,True,True,True,True,True,True,True,True,True,True,True,True
7BA0_T5H,/home/carmen/docking/results/results_posebusters_unimol/7BA0_T5H/7BA0_T5H_unimol.sdf,mol_at_pos_0,True,True,True,True,True,True,True,True,True,False,True,True,False,True,True,True,True,True,True,True,True,True,True,True,True,True,True
7BCP_GCO,/home/carmen/docking/results/results_posebusters_unimol/7BCP_GCO/7BCP_GCO_unimol.sdf,mol_at_pos_0,True,True,True,True,True,True,True,True,True,False,True,True,True,True,True,True,True,True,True,True,True,True,True,True,True,True,True
7BHX_TO5,/home/carmen/docking/results/results_posebusters_unimol/7BHX_TO5/7BHX_TO5_unimol.sdf,mol_at_pos_0,True,True,True,True,True,True,True,True,True,True,True,True,True,True,True,True,True,True,True,True,True,True,True,True,True,True,False
7BJ6_TVK,/home/carmen/docking/results/results_posebusters_unimol/7BJ6_TVK/7BJ6_TVK_unimol.sdf,mol_at_pos_0,True,True,True,True,True,True,True,True,True,True,True,True,True,True,True,True,True,True,True,True,True,True,True,True,True,True,True
7BKA_4JC,/home/carmen/docking/results/results_posebusters_unimol/7BKA_4JC/7BKA_4JC_unimol.sdf,mol_at_pos_0,True,True,True,True,True,True,True,True,True,True,True,True,True,True,True,True,True,True,True,True,True,True,True,True,True,True,True
7BLA_WCS,/home/carmen/docking/results/results_posebusters_unimol/7BLA_WCS/7BLA_WCS_unimol.sdf,mol_at_pos_0,True,True,True,True,True,True,True,True,True,True,True,True,True,True,True,True,True,True,True,True,True,True,True,True,True,True,True
7BLG_GAL,/home/carmen/docking/results/results_posebusters_unimol/7BLG_GAL/7BLG_GAL_unimol.sdf,mol_at_pos_0,True,True,True,True,True,True,True,True,True,True,True,True,True,True,True,True,True,True,True,True,True,True,True,True,True,True,True
7BMI_U4B,/home/carmen/docking/results/results_posebusters_unimol/7BMI_U4B/7BMI_U4B_unimol.sdf,mol_at_pos_0,True,True,True,True,True,True,True,True,True,True,True,True,True,True,True,True,True,True,True,True,True,True,True,True,True,True,True
7BNH_BEZ,/home/carmen/docking/results/results_posebusters_unimol/7BNH_BEZ/7BNH_BEZ_unimol.sdf,mol_at_pos_0,True,True,True,True,True,True,True,True,True,True,True,True,True,True,True,True,True,True,True,True,True,True,True,True,True,True,True
7C6P_SQH,/home/carmen/docking/results/results_posebusters_unimol/7C6P_SQH/7C6P_SQH_unimol.sdf,mol_at_pos_0,True,True,True,True,True,True,True,True,True,True,True,True,True,True,True,True,True,True,True,True,True,True,True,True,True,True,True
7C8Q_DSG,/home/carmen/docking/results/results_posebusters_unimol/7C8Q_DSG/7C8Q_DSG_unimol.sdf,mol_at_pos_0,True,True,True,True,True,True,True,True,True,True,True,True,True,True,True,True,True,True,True,True,True,True,True,True,True,True,True
7CIJ_G0C,/home/carmen/docking/results/results_posebusters_unimol/7CIJ_G0C/7CIJ_G0C_unimol.sdf,mol_at_pos_0,True,True,True,True,True,True,True,True,True,True,True,True,True,True,True,True,True,True,True,True,True,True,True,True,True,True,True
7CL8_TES,/home/carmen/docking/results/results_posebusters_unimol/7CL8_TES/7CL8_TES_unimol.sdf,mol_at_pos_0,True,True,True,True,True,True,True,True,True,False,True,True,True,True,True,True,True,True,True,True,True,True,True,True,True,True,False
7CNQ_G8X,/home/carmen/docking/results/results_posebusters_unimol/7CNQ_G8X/7CNQ_G8X_unimol.sdf,mol_at_pos_0,True,True,True,True,True,True,True,True,True,True,True,True,True,True,True,True,True,True,True,True,True,True,True,True,True,True,True
7CNS_PMV,/home/carmen/docking/results/results_posebusters_unimol/7CNS_PMV/7CNS_PMV_unimol.sdf,mol_at_pos_0,True,True,True,True,True,True,True,True,True,False,True,True,True,True,True,True,True,True,True,True,True,True,True,True,True,True,False
7CTM_BDP,/home/carmen/docking/results/results_posebusters_unimol/7CTM_BDP/7CTM_BDP_unimol.sdf,mol_at_pos_0,True,True,True,True,True,True,True,True,True,True,True,True,True,True,True,True,True,True,True,True,True,True,True,True,True,True,True
7CUO_PHB,/home/carmen/docking/results/results_posebusters_unimol/7CUO_PHB/7CUO_PHB_unimol.sdf,mol_at_pos_0,True,True,True,True,True,True,True,True,True,True,True,True,True,True,True,True,True,True,True,True,True,True,True,True,True,True,True
7D0P_1VU,/home/carmen/docking/results/results_posebusters_unimol/7D0P_1VU/7D0P_1VU_unimol.sdf,mol_at_pos_0,True,True,True,True,True,True,True,True,True,True,True,True,True,True,True,True,True,True,True,True,True,True,True,True,True,True,True
7D5C_GV6,/home/carmen/docking/results/results_posebusters_unimol/7D5C_GV6/7D5C_GV6_unimol.sdf,mol_at_pos_0,True,True,True,True,True,True,True,True,True,False,True,True,True,True,True,True,True,True,True,True,True,True,True,True,True,True,True
7D8Q_GZF,/home/carmen/docking/results/results_posebusters_unimol/7D8Q_GZF/7D8Q_GZF_unimol.sdf,mol_at_pos_0,True,True,True,True,True,True,True,True,True,False,True,True,True,True,True,True,True,True,True,True,True,True,True,True,True,True,False
7D9L_GSF,/home/carmen/docking/results/results_posebusters_unimol/7D9L_GSF/7D9L_GSF_unimol.sdf,mol_at_pos_0,True,True,True,True,True,True,True,True,True,True,True,True,True,True,True,True,True,True,True,True,True,True,True,True,True,True,True
7DIN_MPO,/home/carmen/docking/results/results_posebusters_unimol/7DIN_MPO/7DIN_MPO_unimol.sdf,mol_at_pos_0,True,True,True,True,True,True,True,True,True,True,True,True,True,True,True,True,True,True,True,True,True,True,True,True,True,True,False
7DKT_GLF,/home/carmen/docking/results/results_posebusters_unimol/7DKT_GLF/7DKT_GLF_unimol.sdf,mol_at_pos_0,True,True,True,True,True,True,True,True,True,True,True,True,True,True,True,True,True,True,True,True,True,True,True,True,True,True,True
7DQL_4CL,/home/carmen/docking/results/results_posebusters_unimol/7DQL_4CL/7DQL_4CL_unimol.sdf,mol_at_pos_0,True,True,True,True,True,True,True,True,True,True,True,True,True,True,True,True,True,True,True,True,True,True,True,True,True,True,True
7E4L_MDN,/home/carmen/docking/results/results_posebusters_unimol/7E4L_MDN/7E4L_MDN_unimol.sdf,mol_at_pos_0,True,True,True,True,True,True,True,True,True,True,True,True,True,True,True,True,True,True,True,True,True,True,True,True,True,True,True
7EBG_J0L,/home/carmen/docking/results/results_posebusters_unimol/7EBG_J0L/7EBG_J0L_unimol.sdf,mol_at_pos_0,True,True,True,True,True,True,True,True,True,True,True,True,True,True,True,True,True,True,True,True,True,True,True,True,True,True,True
7ECR_SIN,/home/carmen/docking/results/results_posebusters_unimol/7ECR_SIN/7ECR_SIN_unimol.sdf,mol_at_pos_0,True,True,True,True,True,True,True,True,True,True,True,True,True,True,True,True,True,True,True,True,True,True,True,True,True,True,True
7ED2_A3P,/home/carmen/docking/results/results_posebusters_unimol/7ED2_A3P/7ED2_A3P_unimol.sdf,mol_at_pos_0,True,True,True,True,True,True,True,True,True,True,True,True,True,True,True,True,True,True,True,True,True,True,True,True,True,True,True
7EN7_J79,/home/carmen/docking/results/results_posebusters_unimol/7EN7_J79/7EN7_J79_unimol.sdf,mol_at_pos_0,True,True,True,True,True,True,True,True,True,False,True,True,True,True,True,True,True,True,True,True,True,True,True,True,True,True,False
7F51_BA7,/home/carmen/docking/results/results_posebusters_unimol/7F51_BA7/7F51_BA7_unimol.sdf,mol_at_pos_0,True,True,True,True,True,True,True,True,True,False,True,True,True,True,True,True,True,True,True,True,True,True,True,True,True,True,True
7FB7_8NF,/home/carmen/docking/results/results_posebusters_unimol/7FB7_8NF/7FB7_8NF_unimol.sdf,mol_at_pos_0,True,True,True,True,True,True,True,True,True,True,True,True,True,True,True,True,True,True,True,True,True,True,True,True,True,True,True
7FHA_ADX,/home/carmen/docking/results/results_posebusters_unimol/7FHA_ADX/7FHA_ADX_unimol.sdf,mol_at_pos_0,True,True,True,True,True,True,True,True,True,True,True,True,True,True,True,True,True,True,True,True,True,True,True,True,True,True,True
7FRX_O88,/home/carmen/docking/results/results_posebusters_unimol/7FRX_O88/7FRX_O88_unimol.sdf,mol_at_pos_0,True,True,True,True,True,True,True,True,True,True,True,True,True,True,True,True,True,True,True,True,True,True,True,True,True,True,False
7FT9_4MB,/home/carmen/docking/results/results_posebusters_unimol/7FT9_4MB/7FT9_4MB_unimol.sdf,mol_at_pos_0,True,True,True,True,True,True,True,True,True,True,True,True,True,True,True,True,True,True,True,True,True,True,True,True,True,True,True
7JG0_GAR,/home/carmen/docking/results/results_posebusters_unimol/7JG0_GAR/7JG0_GAR_unimol.sdf,mol_at_pos_0,True,True,True,True,True,True,True,True,True,True,True,True,True,True,True,True,True,True,True,True,True,True,True,True,True,True,True
7JGW_V9S,/home/carmen/docking/results/results_posebusters_unimol/7JGW_V9S/7JGW_V9S_unimol.sdf,mol_at_pos_0,True,True,True,True,True,True,True,True,True,True,True,True,True,True,True,True,True,True,True,True,True,True,True,True,True,True,True
7JHQ_VAJ,/home/carmen/docking/results/results_posebusters_unimol/7JHQ_VAJ/7JHQ_VAJ_unimol.sdf,mol_at_pos_0,True,True,True,True,True,True,True,True,True,True,True,True,True,True,True,True,True,True,True,True,True,True,True,True,True,True,True
7JMV_4NC,/home/carmen/docking/results/results_posebusters_unimol/7JMV_4NC/7JMV_4NC_unimol.sdf,mol_at_pos_0,True,True,True,True,True,True,True,True,True,True,True,True,True,True,True,True,True,True,True,True,True,True,True,True,True,True,True
7JNB_A2G,/home/carmen/docking/results/results_posebusters_unimol/7JNB_A2G/7JNB_A2G_unimol.sdf,mol_at_pos_0,True,True,True,True,True,True,True,True,True,True,True,True,True,True,True,True,True,True,True,True,True,True,True,True,True,True,True
7JR8_VH7,/home/carmen/docking/results/results_posebusters_unimol/7JR8_VH7/7JR8_VH7_unimol.sdf,mol_at_pos_0,True,True,True,True,True,True,True,True,True,False,True,True,True,True,True,True,True,True,True,True,True,True,True,True,True,True,True
7JUD_MMA,/home/carmen/docking/results/results_posebusters_unimol/7JUD_MMA/7JUD_MMA_unimol.sdf,mol_at_pos_0,True,True,True,True,True,True,True,True,True,False,True,True,True,True,True,True,True,True,True,True,True,True,True,True,True,True,False
7K0V_VQP,/home/carmen/docking/results/results_posebusters_unimol/7K0V_VQP/7K0V_VQP_unimol.sdf,mol_at_pos_0,True,True,True,True,True,True,True,True,True,True,True,True,True,True,True,True,True,True,True,True,True,True,True,True,True,True,True
7K41_VUA,/home/carmen/docking/results/results_posebusters_unimol/7K41_VUA/7K41_VUA_unimol.sdf,mol_at_pos_0,True,True,True,True,True,True,True,True,True,True,True,True,True,True,True,True,True,True,True,True,True,True,True,True,True,True,True
7KB1_WBJ,/home/carmen/docking/results/results_posebusters_unimol/7KB1_WBJ/7KB1_WBJ_unimol.sdf,mol_at_pos_0,True,True,True,True,True,True,True,True,True,True,True,True,True,True,True,True,True,True,True,True,True,True,True,True,True,True,True
7KC5_BJZ,/home/carmen/docking/results/results_posebusters_unimol/7KC5_BJZ/7KC5_BJZ_unimol.sdf,mol_at_pos_0,True,True,True,True,True,True,True,True,True,True,True,True,True,True,True,True,True,True,True,True,True,True,True,True,True,True,True
7KLX_WOV,/home/carmen/docking/results/results_posebusters_unimol/7KLX_WOV/7KLX_WOV_unimol.sdf,mol_at_pos_0,True,True,True,True,True,True,True,True,True,True,True,True,True,True,True,True,True,True,True,True,True,True,True,True,True,True,False
7KM8_WPD,/home/carmen/docking/results/results_posebusters_unimol/7KM8_WPD/7KM8_WPD_unimol.sdf,mol_at_pos_0,True,True,True,True,True,True,True,True,True,True,True,True,True,True,True,True,True,True,True,True,True,True,True,True,True,True,True
7KP6_WTP,/home/carmen/docking/results/results_posebusters_unimol/7KP6_WTP/7KP6_WTP_unimol.sdf,mol_at_pos_0,True,True,True,True,True,True,True,True,True,True,True,True,True,True,True,True,True,True,True,True,True,True,True,True,True,True,True
7KQU_YOF,/home/carmen/docking/results/results_posebusters_unimol/7KQU_YOF/7KQU_YOF_unimol.sdf,mol_at_pos_0,True,True,True,True,True,True,True,True,True,True,True,True,True,True,True,True,True,True,True,True,True,True,True,True,True,True,True
7KRU_ATP,/home/carmen/docking/results/results_posebusters_unimol/7KRU_ATP/7KRU_ATP_unimol.sdf,mol_at_pos_0,True,True,True,True,True,True,True,True,True,True,True,True,True,True,True,True,True,True,True,True,True,True,True,True,True,True,True
7KZ9_XN7,/home/carmen/docking/results/results_posebusters_unimol/7KZ9_XN7/7KZ9_XN7_unimol.sdf,mol_at_pos_0,True,True,True,True,True,True,True,True,True,True,True,True,True,True,True,True,True,True,True,True,True,True,True,True,True,True,True
7L00_XCJ,/home/carmen/docking/results/results_posebusters_unimol/7L00_XCJ/7L00_XCJ_unimol.sdf,mol_at_pos_0,True,True,True,True,True,True,True,True,True,True,True,True,True,True,True,True,True,True,True,True,True,True,True,True,True,True,True
7L03_F9F,/home/carmen/docking/results/results_posebusters_unimol/7L03_F9F/7L03_F9F_unimol.sdf,mol_at_pos_0,True,True,True,True,True,True,True,True,True,True,True,True,True,True,True,True,True,True,True,True,True,True,True,True,True,True,True
7L5F_XNG,/home/carmen/docking/results/results_posebusters_unimol/7L5F_XNG/7L5F_XNG_unimol.sdf,mol_at_pos_0,True,True,True,True,True,True,True,True,True,True,True,True,True,True,True,True,True,True,True,True,True,True,True,True,True,True,True
7L6D_BMF,/home/carmen/docking/results/results_posebusters_unimol/7L6D_BMF/7L6D_BMF_unimol.sdf,mol_at_pos_0,True,True,True,True,True,True,True,True,True,True,True,True,True,True,True,True,True,True,True,True,True,True,True,True,True,True,True
7L7C_XQ1,/home/carmen/docking/results/results_posebusters_unimol/7L7C_XQ1/7L7C_XQ1_unimol.sdf,mol_at_pos_0,True,True,True,True,True,True,True,True,True,True,True,True,True,True,True,True,True,True,True,True,True,True,True,True,True,True,True
7LCU_XTA,/home/carmen/docking/results/results_posebusters_unimol/7LCU_XTA/7LCU_XTA_unimol.sdf,mol_at_pos_0,True,True,True,True,True,True,True,True,True,True,True,True,True,True,True,True,True,True,True,True,True,True,True,True,True,True,True
7LEV_0JO,/home/carmen/docking/results/results_posebusters_unimol/7LEV_0JO/7LEV_0JO_unimol.sdf,mol_at_pos_0,True,True,True,True,True,True,True,True,True,True,True,True,True,True,True,True,True,True,True,True,True,True,True,True,True,True,True
7LOE_Y84,/home/carmen/docking/results/results_posebusters_unimol/7LOE_Y84/7LOE_Y84_unimol.sdf,mol_at_pos_0,True,True,True,True,True,True,True,True,True,True,True,True,True,True,True,True,True,True,True,True,True,True,True,True,True,True,True
7LOU_IFM,/home/carmen/docking/results/results_posebusters_unimol/7LOU_IFM/7LOU_IFM_unimol.sdf,mol_at_pos_0,True,True,True,True,True,True,True,True,True,True,True,True,True,True,True,True,True,True,True,True,True,True,True,True,True,True,True
7LT0_ONJ,/home/carmen/docking/results/results_posebusters_unimol/7LT0_ONJ/7LT0_ONJ_unimol.sdf,mol_at_pos_0,True,True,True,True,True,True,True,True,True,True,True,True,True,True,True,True,True,True,True,True,True,True,True,True,True,True,False
7LZQ_YJV,/home/carmen/docking/results/results_posebusters_unimol/7LZQ_YJV/7LZQ_YJV_unimol.sdf,mol_at_pos_0,True,True,True,True,True,True,True,True,True,True,True,True,True,True,True,True,True,True,True,True,True,True,True,True,True,True,True
7M3H_YPV,/home/carmen/docking/results/results_posebusters_unimol/7M3H_YPV/7M3H_YPV_unimol.sdf,mol_at_pos_0,True,True,True,True,True,True,True,True,True,True,True,True,True,True,True,True,True,True,True,True,True,True,True,True,True,True,True
7M6K_YRJ,/home/carmen/docking/results/results_posebusters_unimol/7M6K_YRJ/7M6K_YRJ_unimol.sdf,mol_at_pos_0,True,True,True,True,True,True,True,True,True,False,True,True,True,True,True,True,True,True,True,True,True,True,True,True,True,True,True
7MGT_ZD4,/home/carmen/docking/results/results_posebusters_unimol/7MGT_ZD4/7MGT_ZD4_unimol.sdf,mol_at_pos_0,True,True,True,True,True,True,True,True,True,True,True,True,True,True,True,True,True,True,True,True,True,True,True,True,True,True,True
7MGY_ZD1,/home/carmen/docking/results/results_posebusters_unimol/7MGY_ZD1/7MGY_ZD1_unimol.sdf,mol_at_pos_0,True,True,True,True,True,True,True,True,True,False,True,True,True,True,True,True,True,True,True,True,True,True,True,True,True,True,True
7MMH_ZJY,/home/carmen/docking/results/results_posebusters_unimol/7MMH_ZJY/7MMH_ZJY_unimol.sdf,mol_at_pos_0,True,True,True,True,True,True,True,True,True,True,True,True,True,True,True,True,True,True,True,True,True,True,True,True,True,True,True
7MOI_HPS,/home/carmen/docking/results/results_posebusters_unimol/7MOI_HPS/7MOI_HPS_unimol.sdf,mol_at_pos_0,True,True,True,True,True,True,True,True,True,True,True,True,True,True,True,True,True,True,True,True,True,True,True,True,True,True,True
7MRH_ZMJ,/home/carmen/docking/results/results_posebusters_unimol/7MRH_ZMJ/7MRH_ZMJ_unimol.sdf,mol_at_pos_0,True,True,True,True,True,True,True,True,True,True,True,True,True,True,True,True,True,True,True,True,True,True,True,True,True,True,True
7MS7_ZQ1,/home/carmen/docking/results/results_posebusters_unimol/7MS7_ZQ1/7MS7_ZQ1_unimol.sdf,mol_at_pos_0,True,True,True,True,True,True,True,True,True,True,True,True,True,True,True,True,True,True,True,True,True,True,True,True,True,True,False
7MSR_DCA,/home/carmen/docking/results/results_posebusters_unimol/7MSR_DCA/7MSR_DCA_unimol.sdf,mol_at_pos_0,True,True,True,True,True,True,True,True,True,True,True,True,True,True,True,True,True,True,True,True,True,True,True,True,True,True,True
7MWN_WI5,/home/carmen/docking/results/results_posebusters_unimol/7MWN_WI5/7MWN_WI5_unimol.sdf,mol_at_pos_0,True,True,True,True,True,True,True,True,True,False,True,True,True,True,True,True,False,True,True,True,True,True,True,True,True,True,False
7MWU_ZPM,/home/carmen/docking/results/results_posebusters_unimol/7MWU_ZPM/7MWU_ZPM_unimol.sdf,mol_at_pos_0,True,True,True,True,True,True,True,True,True,True,True,True,True,True,True,True,True,True,True,True,True,True,True,True,True,True,True
7MY1_IPE,/home/carmen/docking/results/results_posebusters_unimol/7MY1_IPE/7MY1_IPE_unimol.sdf,mol_at_pos_0,True,True,True,True,True,True,True,True,True,True,True,True,True,True,True,True,True,True,True,True,True,True,True,True,True,True,True
7MYU_ZR7,/home/carmen/docking/results/results_posebusters_unimol/7MYU_ZR7/7MYU_ZR7_unimol.sdf,mol_at_pos_0,True,True,True,True,True,True,True,True,True,True,True,True,True,True,True,True,True,True,True,True,True,True,True,True,True,True,True
7MZS_GLA,/home/carmen/docking/results/results_posebusters_unimol/7MZS_GLA/7MZS_GLA_unimol.sdf,mol_at_pos_0,True,True,True,True,True,True,True,True,True,False,True,True,True,True,True,True,True,True,True,True,True,True,True,True,True,True,False
7N03_ZRP,/home/carmen/docking/results/results_posebusters_unimol/7N03_ZRP/7N03_ZRP_unimol.sdf,mol_at_pos_0,True,True,True,True,True,True,True,True,True,True,True,True,True,True,True,True,True,True,True,True,True,True,True,True,True,True,True
7N4N_0BK,/home/carmen/docking/results/results_posebusters_unimol/7N4N_0BK/7N4N_0BK_unimol.sdf,mol_at_pos_0,True,True,True,True,True,True,True,True,True,True,True,True,True,True,True,True,True,True,True,True,True,True,True,True,True,True,True
7N4W_P4V,/home/carmen/docking/results/results_posebusters_unimol/7N4W_P4V/7N4W_P4V_unimol.sdf,mol_at_pos_0,True,True,True,True,True,True,True,True,True,True,True,True,True,True,True,True,True,True,True,True,True,True,True,True,True,True,False
7N6F_0I1,/home/carmen/docking/results/results_posebusters_unimol/7N6F_0I1/7N6F_0I1_unimol.sdf,mol_at_pos_0,True,True,True,True,True,True,True,True,True,True,True,True,True,True,True,True,True,True,True,True,True,True,True,True,True,True,True
7N7H_CTP,/home/carmen/docking/results/results_posebusters_unimol/7N7H_CTP/7N7H_CTP_unimol.sdf,mol_at_pos_0,True,True,True,True,True,True,True,True,True,True,True,True,True,True,True,True,True,True,True,True,True,True,True,True,True,True,True
7NB4_U6Q,/home/carmen/docking/results/results_posebusters_unimol/7NB4_U6Q/7NB4_U6Q_unimol.sdf,mol_at_pos_0,True,True,True,True,True,True,True,True,True,True,True,True,True,True,True,True,True,True,True,True,True,True,True,True,True,True,True
7NFB_GEN,/home/carmen/docking/results/results_posebusters_unimol/7NFB_GEN/7NFB_GEN_unimol.sdf,mol_at_pos_0,True,True,True,True,True,True,True,True,True,True,True,True,True,True,True,True,True,True,True,True,True,True,True,True,True,True,True
7NGW_UAW,/home/carmen/docking/results/results_posebusters_unimol/7NGW_UAW/7NGW_UAW_unimol.sdf,mol_at_pos_0,True,True,True,True,True,True,True,True,True,True,True,True,True,True,True,True,True,True,True,True,True,True,True,True,True,True,False
7NLK_UHK,/home/carmen/docking/results/results_posebusters_unimol/7NLK_UHK/7NLK_UHK_unimol.sdf,mol_at_pos_0,True,True,True,True,True,True,True,True,True,False,True,True,True,True,True,True,True,True,True,True,True,True,True,True,True,True,True
7NLV_UJE,/home/carmen/docking/results/results_posebusters_unimol/7NLV_UJE/7NLV_UJE_unimol.sdf,mol_at_pos_0,True,True,True,True,True,True,True,True,True,False,True,True,True,True,True,True,True,True,True,True,True,True,True,True,True,True,True
7NML_I7B,/home/carmen/docking/results/results_posebusters_unimol/7NML_I7B/7NML_I7B_unimol.sdf,mol_at_pos_0,True,True,True,True,True,True,True,True,True,True,True,True,True,True,True,True,True,True,True,True,True,True,True,True,True,True,False
7NPL_UKZ,/home/carmen/docking/results/results_posebusters_unimol/7NPL_UKZ/7NPL_UKZ_unimol.sdf,mol_at_pos_0,True,True,True,True,True,True,True,True,True,False,True,True,True,True,True,True,True,True,True,True,True,True,True,True,True,True,True
7NR8_UOE,/home/carmen/docking/results/results_posebusters_unimol/7NR8_UOE/7NR8_UOE_unimol.sdf,mol_at_pos_0,True,True,True,True,True,True,True,True,True,True,True,True,True,True,True,True,True,True,True,True,True,True,True,True,True,True,True
7NSW_HC4,/home/carmen/docking/results/results_posebusters_unimol/7NSW_HC4/7NSW_HC4_unimol.sdf,mol_at_pos_0,True,True,True,True,True,True,True,True,True,True,True,True,True,True,True,True,True,True,True,True,True,True,True,True,True,True,True
7NTG_F6R,/home/carmen/docking/results/results_posebusters_unimol/7NTG_F6R/7NTG_F6R_unimol.sdf,mol_at_pos_0,True,True,True,True,True,True,True,True,True,True,True,True,True,True,True,True,True,True,True,True,True,True,True,True,True,True,True
7NU0_DCL,/home/carmen/docking/results/results_posebusters_unimol/7NU0_DCL/7NU0_DCL_unimol.sdf,mol_at_pos_0,True,True,True,True,True,True,True,True,True,True,True,True,True,True,True,True,True,True,True,True,True,True,True,True,True,True,True
7NUT_GLP,/home/carmen/docking/results/results_posebusters_unimol/7NUT_GLP/7NUT_GLP_unimol.sdf,mol_at_pos_0,True,True,True,True,True,True,True,True,True,True,True,True,True,True,True,True,True,True,True,True,True,True,True,True,True,True,True
7O0N_CDP,/home/carmen/docking/results/results_posebusters_unimol/7O0N_CDP/7O0N_CDP_unimol.sdf,mol_at_pos_0,True,True,True,True,True,True,True,True,True,True,True,True,True,True,True,True,True,True,True,True,True,True,True,True,True,True,True
7O1T_5X8,/home/carmen/docking/results/results_posebusters_unimol/7O1T_5X8/7O1T_5X8_unimol.sdf,mol_at_pos_0,True,True,True,True,True,True,True,True,True,True,True,True,True,True,True,True,True,True,True,True,True,True,True,True,True,True,True
7OCB_V88,/home/carmen/docking/results/results_posebusters_unimol/7OCB_V88/7OCB_V88_unimol.sdf,mol_at_pos_0,True,True,True,True,True,True,True,True,True,True,True,True,True,True,True,True,True,True,True,True,True,True,True,True,True,True,False
7OEO_V9Z,/home/carmen/docking/results/results_posebusters_unimol/7OEO_V9Z/7OEO_V9Z_unimol.sdf,mol_at_pos_0,True,True,True,True,True,True,True,True,True,True,True,True,True,True,True,True,True,True,True,True,True,True,True,True,True,True,False
7OFF_VCB,/home/carmen/docking/results/results_posebusters_unimol/7OFF_VCB/7OFF_VCB_unimol.sdf,mol_at_pos_0,True,True,True,True,True,True,True,True,True,True,True,True,True,True,True,True,True,True,True,True,True,True,True,True,True,True,True
7OFK_VCH,/home/carmen/docking/results/results_posebusters_unimol/7OFK_VCH/7OFK_VCH_unimol.sdf,mol_at_pos_0,True,True,True,True,True,True,True,True,True,True,True,True,True,True,True,True,True,True,True,True,True,True,True,True,True,True,True
7OKC_VFE,/home/carmen/docking/results/results_posebusters_unimol/7OKC_VFE/7OKC_VFE_unimol.sdf,mol_at_pos_0,True,True,True,True,True,True,True,True,True,True,True,True,True,True,True,True,True,True,True,True,True,True,True,True,True,True,True
7OLI_8HG,/home/carmen/docking/results/results_posebusters_unimol/7OLI_8HG/7OLI_8HG_unimol.sdf,mol_at_pos_0,True,True,True,True,True,True,False,True,True,True,True,True,True,True,True,True,True,True,True,True,True,True,True,True,True,True,True
7OLT_58J,/home/carmen/docking/results/results_posebusters_unimol/7OLT_58J/7OLT_58J_unimol.sdf,mol_at_pos_0,True,True,True,True,True,True,True,True,True,True,True,True,True,True,True,True,True,True,True,True,True,True,True,True,True,True,True
7OMX_CNA,/home/carmen/docking/results/results_posebusters_unimol/7OMX_CNA/7OMX_CNA_unimol.sdf,mol_at_pos_0,True,True,True,True,True,True,True,True,True,True,True,True,True,True,True,True,True,True,True,True,True,True,True,True,True,True,True
7OPG_06N,/home/carmen/docking/results/results_posebusters_unimol/7OPG_06N/7OPG_06N_unimol.sdf,mol_at_pos_0,True,True,True,True,True,True,True,True,True,True,True,True,True,True,True,True,True,True,True,True,True,True,True,True,True,True,True
7OSO_0V1,/home/carmen/docking/results/results_posebusters_unimol/7OSO_0V1/7OSO_0V1_unimol.sdf,mol_at_pos_0,True,True,True,True,True,True,True,True,True,True,True,True,True,True,True,True,True,True,True,True,True,True,True,True,True,True,True
7OU8_1XI,/home/carmen/docking/results/results_posebusters_unimol/7OU8_1XI/7OU8_1XI_unimol.sdf,mol_at_pos_0,True,True,True,True,True,True,True,True,False,False,True,True,True,True,True,True,True,True,True,True,True,True,True,True,True,True,True
7OZ9_NGK,/home/carmen/docking/results/results_posebusters_unimol/7OZ9_NGK/7OZ9_NGK_unimol.sdf,mol_at_pos_0,True,True,True,True,True,True,True,True,True,False,True,True,True,True,True,True,True,True,True,True,True,True,True,True,True,True,True
7OZC_G6S,/home/carmen/docking/results/results_posebusters_unimol/7OZC_G6S/7OZC_G6S_unimol.sdf,mol_at_pos_0,True,True,True,True,True,True,True,True,True,False,True,True,True,True,True,True,True,True,True,True,True,True,True,True,True,True,True
7P1F_KFN,/home/carmen/docking/results/results_posebusters_unimol/7P1F_KFN/7P1F_KFN_unimol.sdf,mol_at_pos_0,True,True,True,True,True,True,True,True,True,True,True,True,True,True,True,True,True,True,True,True,True,True,True,True,True,True,True
7P1M_4IU,/home/carmen/docking/results/results_posebusters_unimol/7P1M_4IU/7P1M_4IU_unimol.sdf,mol_at_pos_0,True,True,True,True,True,True,True,True,True,True,True,True,True,True,True,True,True,True,True,True,True,True,True,True,True,True,True
7P2I_MFU,/home/carmen/docking/results/results_posebusters_unimol/7P2I_MFU/7P2I_MFU_unimol.sdf,mol_at_pos_0,True,True,True,True,True,True,True,True,True,True,True,True,True,True,True,True,True,True,True,True,True,True,True,True,True,True,True
7P4C_5OV,/home/carmen/docking/results/results_posebusters_unimol/7P4C_5OV/7P4C_5OV_unimol.sdf,mol_at_pos_0,True,True,True,True,True,True,True,True,True,False,True,True,True,True,True,True,True,True,True,True,True,True,True,True,True,True,True
7P4J_5JK,/home/carmen/docking/results/results_posebusters_unimol/7P4J_5JK/7P4J_5JK_unimol.sdf,mol_at_pos_0,True,True,True,True,True,True,True,True,True,True,True,True,True,True,True,True,True,True,True,True,True,True,True,True,True,True,True
7P4V_DAT,/home/carmen/docking/results/results_posebusters_unimol/7P4V_DAT/7P4V_DAT_unimol.sdf,mol_at_pos_0,True,True,True,True,True,True,True,True,True,True,True,True,True,True,True,True,True,True,True,True,True,True,True,True,True,True,True
7P5T_5YG,/home/carmen/docking/results/results_posebusters_unimol/7P5T_5YG/7P5T_5YG_unimol.sdf,mol_at_pos_0,True,True,True,True,True,True,True,True,True,True,True,True,True,True,True,True,True,True,True,True,True,True,True,True,True,True,True
7P85_5ZG,/home/carmen/docking/results/results_posebusters_unimol/7P85_5ZG/7P85_5ZG_unimol.sdf,mol_at_pos_0,True,True,True,True,True,True,True,True,True,True,True,True,True,True,True,True,True,True,True,True,True,True,True,True,True,True,False
7PA4_C,/home/carmen/docking/results/results_posebusters_unimol/7PA4_C/7PA4_C_unimol.sdf,mol_at_pos_0,True,True,True,True,True,True,True,True,True,True,True,True,True,True,True,True,True,True,True,True,True,True,True,True,True,True,True
7PIH_7QW,/home/carmen/docking/results/results_posebusters_unimol/7PIH_7QW/7PIH_7QW_unimol.sdf,mol_at_pos_0,True,True,True,True,True,True,True,True,True,True,True,True,True,True,True,True,True,True,True,True,True,True,True,True,True,True,True
7PJQ_OWH,/home/carmen/docking/results/results_posebusters_unimol/7PJQ_OWH/7PJQ_OWH_unimol.sdf,mol_at_pos_0,True,True,True,True,True,True,True,True,True,True,True,True,True,True,True,True,True,True,True,True,True,True,True,True,True,True,True
7PK0_BYC,/home/carmen/docking/results/results_posebusters_unimol/7PK0_BYC/7PK0_BYC_unimol.sdf,mol_at_pos_0,True,True,True,True,True,True,True,True,True,True,True,True,True,True,True,True,True,True,True,True,True,True,True,True,True,True,True
7PL1_SFG,/home/carmen/docking/results/results_posebusters_unimol/7PL1_SFG/7PL1_SFG_unimol.sdf,mol_at_pos_0,True,True,True,True,True,True,True,True,True,True,True,True,True,True,True,True,True,True,True,True,True,True,True,True,True,True,True
7POM_7VZ,/home/carmen/docking/results/results_posebusters_unimol/7POM_7VZ/7POM_7VZ_unimol.sdf,mol_at_pos_0,True,True,True,True,True,True,True,True,True,True,True,True,True,True,True,True,True,True,True,True,True,True,True,True,True,True,True
7PRI_7TI,/home/carmen/docking/results/results_posebusters_unimol/7PRI_7TI/7PRI_7TI_unimol.sdf,mol_at_pos_0,True,True,True,True,True,True,True,True,True,True,True,True,True,True,True,True,True,True,False,True,True,True,True,True,True,True,True
7PRM_81I,/home/carmen/docking/results/results_posebusters_unimol/7PRM_81I/7PRM_81I_unimol.sdf,mol_at_pos_0,True,True,True,True,True,True,True,True,True,False,True,True,True,True,True,True,True,True,True,True,True,True,True,True,True,True,True
7PT3_3KK,/home/carmen/docking/results/results_posebusters_unimol/7PT3_3KK/7PT3_3KK_unimol.sdf,mol_at_pos_0,True,True,True,True,True,True,True,True,True,True,True,True,True,True,True,True,True,True,True,True,True,True,True,True,True,True,True
7PUV_84Z,/home/carmen/docking/results/results_posebusters_unimol/7PUV_84Z/7PUV_84Z_unimol.sdf,mol_at_pos_0,True,True,True,True,True,True,True,True,True,True,True,True,True,True,True,True,True,True,True,True,True,True,True,True,True,True,True
7Q19_DSM,/home/carmen/docking/results/results_posebusters_unimol/7Q19_DSM/7Q19_DSM_unimol.sdf,mol_at_pos_0,True,True,True,True,True,True,True,True,True,True,True,True,True,True,True,True,True,True,True,True,True,True,True,True,True,True,True
7Q25_8J9,/home/carmen/docking/results/results_posebusters_unimol/7Q25_8J9/7Q25_8J9_unimol.sdf,mol_at_pos_0,True,True,True,True,True,True,True,True,True,False,True,True,True,True,True,True,True,True,True,True,True,True,True,True,True,True,True
7Q2B_M6H,/home/carmen/docking/results/results_posebusters_unimol/7Q2B_M6H/7Q2B_M6H_unimol.sdf,mol_at_pos_0,True,True,True,True,True,True,True,True,True,True,True,True,True,True,True,True,True,True,True,True,True,True,True,True,True,True,True
7Q5I_I0F,/home/carmen/docking/results/results_posebusters_unimol/7Q5I_I0F/7Q5I_I0F_unimol.sdf,mol_at_pos_0,True,True,True,True,True,True,True,True,True,True,True,True,True,True,True,True,True,True,True,True,True,True,True,True,True,True,True
7QE4_NGA,/home/carmen/docking/results/results_posebusters_unimol/7QE4_NGA/7QE4_NGA_unimol.sdf,mol_at_pos_0,True,True,True,True,True,True,True,True,True,True,True,True,True,True,True,True,True,True,True,True,True,True,True,True,True,True,False
7QFM_AY3,/home/carmen/docking/results/results_posebusters_unimol/7QFM_AY3/7QFM_AY3_unimol.sdf,mol_at_pos_0,True,True,True,True,True,True,True,True,True,True,True,True,True,True,True,True,True,True,True,True,True,True,True,True,True,True,True
7QGP_DJ8,/home/carmen/docking/results/results_posebusters_unimol/7QGP_DJ8/7QGP_DJ8_unimol.sdf,mol_at_pos_0,True,True,True,True,True,True,True,True,True,True,True,True,True,True,True,True,True,True,True,True,True,True,True,True,True,True,True
7QHG_T3B,/home/carmen/docking/results/results_posebusters_unimol/7QHG_T3B/7QHG_T3B_unimol.sdf,mol_at_pos_0,True,True,True,True,True,True,True,True,True,True,True,True,True,True,True,True,True,True,True,True,True,True,True,True,True,True,True
7QK0_EBL,/home/carmen/docking/results/results_posebusters_unimol/7QK0_EBL/7QK0_EBL_unimol.sdf,mol_at_pos_0,True,True,True,True,True,True,True,True,True,False,True,True,True,True,True,True,True,True,True,True,True,True,True,True,True,True,False
7QPP_VDX,/home/carmen/docking/results/results_posebusters_unimol/7QPP_VDX/7QPP_VDX_unimol.sdf,mol_at_pos_0,True,True,True,True,True,True,True,True,False,True,True,True,True,True,True,True,True,True,True,True,True,True,True,True,True,True,True
7QSW_CAP,/home/carmen/docking/results/results_posebusters_unimol/7QSW_CAP/7QSW_CAP_unimol.sdf,mol_at_pos_0,True,True,True,True,True,True,True,True,True,True,True,True,True,True,True,True,False,True,True,True,True,True,True,True,True,True,True
7R3D_APR,/home/carmen/docking/results/results_posebusters_unimol/7R3D_APR/7R3D_APR_unimol.sdf,mol_at_pos_0,True,True,True,True,True,True,True,True,True,False,True,True,True,True,True,True,True,True,True,True,True,True,True,True,True,True,True
7R59_I5F,/home/carmen/docking/results/results_posebusters_unimol/7R59_I5F/7R59_I5F_unimol.sdf,mol_at_pos_0,True,True,True,True,True,True,True,True,True,True,True,True,True,True,True,True,True,True,True,True,True,True,True,True,True,True,False
7R6J_2I7,/home/carmen/docking/results/results_posebusters_unimol/7R6J_2I7/7R6J_2I7_unimol.sdf,mol_at_pos_0,True,True,True,True,True,True,True,True,True,False,True,True,True,True,True,True,True,True,True,True,True,True,True,True,True,True,True
7R7R_AWJ,/home/carmen/docking/results/results_posebusters_unimol/7R7R_AWJ/7R7R_AWJ_unimol.sdf,mol_at_pos_0,True,True,True,True,True,True,True,True,True,True,True,True,True,True,True,True,True,True,True,True,True,True,True,True,True,True,True
7R9N_F97,/home/carmen/docking/results/results_posebusters_unimol/7R9N_F97/7R9N_F97_unimol.sdf,mol_at_pos_0,True,True,True,True,True,True,True,True,True,True,True,True,True,True,True,True,True,True,True,True,True,True,True,True,True,True,True
7RC3_SAH,/home/carmen/docking/results/results_posebusters_unimol/7RC3_SAH/7RC3_SAH_unimol.sdf,mol_at_pos_0,True,True,True,True,True,True,True,True,True,True,True,True,True,True,True,True,True,True,True,True,True,True,True,True,True,True,True
7RH3_59O,/home/carmen/docking/results/results_posebusters_unimol/7RH3_59O/7RH3_59O_unimol.sdf,mol_at_pos_0,True,True,True,True,True,True,True,True,True,True,True,True,False,True,True,True,True,True,True,True,True,True,True,True,True,True,False
7RKW_5TV,/home/carmen/docking/results/results_posebusters_unimol/7RKW_5TV/7RKW_5TV_unimol.sdf,mol_at_pos_0,True,True,True,True,True,True,True,True,True,True,True,True,True,True,True,True,True,True,True,True,True,True,True,True,True,True,True
7RNI_60I,/home/carmen/docking/results/results_posebusters_unimol/7RNI_60I/7RNI_60I_unimol.sdf,mol_at_pos_0,True,True,True,True,True,True,True,True,True,True,True,True,True,True,True,True,True,True,True,True,True,True,True,True,True,True,False
7ROR_69X,/home/carmen/docking/results/results_posebusters_unimol/7ROR_69X/7ROR_69X_unimol.sdf,mol_at_pos_0,True,True,True,True,True,True,True,True,True,True,True,True,True,True,True,True,True,True,True,True,True,True,True,True,True,True,True
7ROU_66I,/home/carmen/docking/results/results_posebusters_unimol/7ROU_66I/7ROU_66I_unimol.sdf,mol_at_pos_0,True,True,True,True,True,True,True,True,True,True,True,True,True,True,True,True,True,True,True,True,True,True,True,True,True,True,True
7RPZ_6IC,/home/carmen/docking/results/results_posebusters_unimol/7RPZ_6IC/7RPZ_6IC_unimol.sdf,mol_at_pos_0,True,True,True,True,True,True,True,True,True,False,True,True,True,True,True,True,True,True,True,True,True,True,True,True,True,True,True
7RSV_7IQ,/home/carmen/docking/results/results_posebusters_unimol/7RSV_7IQ/7RSV_7IQ_unimol.sdf,mol_at_pos_0,True,True,True,True,True,True,True,True,True,True,True,True,True,True,True,True,True,True,True,True,True,True,True,True,True,True,True
7RUI_7QZ,/home/carmen/docking/results/results_posebusters_unimol/7RUI_7QZ/7RUI_7QZ_unimol.sdf,mol_at_pos_0,True,True,True,True,True,True,True,True,True,True,True,True,True,True,True,True,True,True,True,True,True,True,True,True,True,True,True
7RWO_7WN,/home/carmen/docking/results/results_posebusters_unimol/7RWO_7WN/7RWO_7WN_unimol.sdf,mol_at_pos_0,True,True,True,True,True,True,True,True,True,True,True,True,True,True,True,True,True,True,True,True,True,True,True,True,True,True,True
7RZL_NPO,/home/carmen/docking/results/results_posebusters_unimol/7RZL_NPO/7RZL_NPO_unimol.sdf,mol_at_pos_0,True,True,True,True,True,True,True,True,True,True,True,True,True,True,True,True,True,True,True,True,True,True,True,True,True,True,True
7S45_ACO,/home/carmen/docking/results/results_posebusters_unimol/7S45_ACO/7S45_ACO_unimol.sdf,mol_at_pos_0,True,True,True,True,True,True,True,True,True,True,True,True,True,True,True,True,True,True,True,True,True,True,True,True,True,True,False
7S9H_7PP,/home/carmen/docking/results/results_posebusters_unimol/7S9H_7PP/7S9H_7PP_unimol.sdf,mol_at_pos_0,True,True,True,True,True,True,True,True,True,True,True,True,True,True,True,True,True,True,True,True,True,True,True,True,True,True,True
7SDD_4IP,/home/carmen/docking/results/results_posebusters_unimol/7SDD_4IP/7SDD_4IP_unimol.sdf,mol_at_pos_0,True,True,True,True,True,True,True,True,True,False,True,True,True,True,True,True,False,True,True,True,True,True,True,True,True,True,True
7SED_8VD,/home/carmen/docking/results/results_posebusters_unimol/7SED_8VD/7SED_8VD_unimol.sdf,mol_at_pos_0,True,True,True,True,True,True,True,True,True,True,True,True,True,True,True,True,True,True,True,True,True,True,True,True,True,True,True
7SFO_98L,/home/carmen/docking/results/results_posebusters_unimol/7SFO_98L/7SFO_98L_unimol.sdf,mol_at_pos_0,True,True,True,True,True,True,True,True,True,True,True,True,True,True,True,True,True,True,True,True,True,True,True,True,True,True,True
7SGV_L30,/home/carmen/docking/results/results_posebusters_unimol/7SGV_L30/7SGV_L30_unimol.sdf,mol_at_pos_0,True,True,True,True,True,True,True,True,True,True,True,True,True,True,True,True,True,True,True,True,True,True,True,True,True,True,False
7SIU_9ID,/home/carmen/docking/results/results_posebusters_unimol/7SIU_9ID/7SIU_9ID_unimol.sdf,mol_at_pos_0,True,True,True,True,True,True,True,True,True,True,True,True,True,True,True,True,True,True,True,True,True,True,True,True,True,True,True
7SNE_9XR,/home/carmen/docking/results/results_posebusters_unimol/7SNE_9XR/7SNE_9XR_unimol.sdf,mol_at_pos_0,True,True,True,True,True,True,True,True,True,False,True,True,True,True,True,True,True,True,True,True,True,True,True,True,True,True,True
7SSM_B7L,/home/carmen/docking/results/results_posebusters_unimol/7SSM_B7L/7SSM_B7L_unimol.sdf,mol_at_pos_0,True,True,True,True,True,True,True,True,True,True,True,True,True,True,True,True,True,True,True,True,True,True,True,True,True,True,False
7SUC_COM,/home/carmen/docking/results/results_posebusters_unimol/7SUC_COM/7SUC_COM_unimol.sdf,mol_at_pos_0,True,True,True,True,True,True,True,True,True,True,True,True,True,True,True,True,True,True,True,True,True,True,True,True,True,True,True
7SZA_DUI,/home/carmen/docking/results/results_posebusters_unimol/7SZA_DUI/7SZA_DUI_unimol.sdf,mol_at_pos_0,True,True,True,True,True,True,True,True,True,True,True,True,True,True,True,True,True,True,True,True,True,True,True,True,True,True,False
7T0D_FPP,/home/carmen/docking/results/results_posebusters_unimol/7T0D_FPP/7T0D_FPP_unimol.sdf,mol_at_pos_0,True,True,True,True,True,True,True,True,True,True,True,True,True,True,True,True,True,True,True,True,True,True,True,True,True,True,True
7T0U_E3I,/home/carmen/docking/results/results_posebusters_unimol/7T0U_E3I/7T0U_E3I_unimol.sdf,mol_at_pos_0,True,True,True,True,True,True,True,True,True,False,True,True,True,True,True,True,True,True,True,True,True,True,True,True,True,True,False
7T1D_E7K,/home/carmen/docking/results/results_posebusters_unimol/7T1D_E7K/7T1D_E7K_unimol.sdf,mol_at_pos_0,True,True,True,True,True,True,True,True,True,True,True,True,True,True,True,True,True,True,True,True,True,True,True,True,True,True,True
7T3E_SLB,/home/carmen/docking/results/results_posebusters_unimol/7T3E_SLB/7T3E_SLB_unimol.sdf,mol_at_pos_0,True,True,True,True,True,True,True,True,True,True,True,True,True,True,True,True,True,True,True,True,True,True,True,True,True,True,True
7T3F_EM0,/home/carmen/docking/results/results_posebusters_unimol/7T3F_EM0/7T3F_EM0_unimol.sdf,mol_at_pos_0,True,True,True,True,True,True,True,True,True,True,True,True,True,True,True,True,True,True,True,True,True,True,True,True,True,True,True
7T9O_GEI,/home/carmen/docking/results/results_posebusters_unimol/7T9O_GEI/7T9O_GEI_unimol.sdf,mol_at_pos_0,True,True,True,True,True,True,True,True,True,False,True,True,True,True,True,True,True,True,True,True,True,True,True,True,True,True,False
7TBU_S3P,/home/carmen/docking/results/results_posebusters_unimol/7TBU_S3P/7TBU_S3P_unimol.sdf,mol_at_pos_0,True,True,True,True,True,True,True,True,True,False,True,True,True,True,True,True,True,True,True,True,True,True,True,True,True,True,True
7TE8_P0T,/home/carmen/docking/results/results_posebusters_unimol/7TE8_P0T/7TE8_P0T_unimol.sdf,mol_at_pos_0,True,True,True,True,True,True,True,True,True,False,True,True,True,True,True,True,True,True,True,True,True,True,True,True,True,True,True
7THI_PGA,/home/carmen/docking/results/results_posebusters_unimol/7THI_PGA/7THI_PGA_unimol.sdf,mol_at_pos_0,True,True,True,True,True,True,True,True,True,True,True,True,True,True,True,True,True,True,True,True,True,True,True,True,True,True,True
7TM6_GPJ,/home/carmen/docking/results/results_posebusters_unimol/7TM6_GPJ/7TM6_GPJ_unimol.sdf,mol_at_pos_0,True,True,True,True,True,True,True,True,True,True,True,True,True,True,True,True,True,True,True,True,True,True,True,True,True,True,True
7TOM_5AD,/home/carmen/docking/results/results_posebusters_unimol/7TOM_5AD/7TOM_5AD_unimol.sdf,mol_at_pos_0,True,True,True,True,True,True,True,True,True,True,True,True,True,True,True,True,True,True,True,True,True,True,True,True,True,True,True
7TS6_KMI,/home/carmen/docking/results/results_posebusters_unimol/7TS6_KMI/7TS6_KMI_unimol.sdf,mol_at_pos_0,True,True,True,True,True,True,True,True,True,True,True,True,True,True,True,True,True,True,True,True,True,True,True,True,True,True,True
7TUO_KL9,/home/carmen/docking/results/results_posebusters_unimol/7TUO_KL9/7TUO_KL9_unimol.sdf,mol_at_pos_0,True,True,True,True,True,True,True,True,True,True,True,True,True,True,True,True,True,True,True,True,True,True,True,True,True,True,True
7TWC_CXS,/home/carmen/docking/results/results_posebusters_unimol/7TWC_CXS/7TWC_CXS_unimol.sdf,mol_at_pos_0,True,True,True,True,True,True,True,True,True,True,True,True,True,True,True,True,True,True,True,True,True,True,True,True,True,True,True
7TXK_LW8,/home/carmen/docking/results/results_posebusters_unimol/7TXK_LW8/7TXK_LW8_unimol.sdf,mol_at_pos_0,True,True,True,True,True,True,False,True,True,False,True,True,True,True,True,True,True,True,True,True,True,True,True,True,True,True,True
7U0U_FK5,/home/carmen/docking/results/results_posebusters_unimol/7U0U_FK5/7U0U_FK5_unimol.sdf,mol_at_pos_0,True,True,True,True,True,True,True,True,False,False,True,True,False,True,True,True,True,True,False,True,True,True,True,True,True,True,False
7U3J_L6U,/home/carmen/docking/results/results_posebusters_unimol/7U3J_L6U/7U3J_L6U_unimol.sdf,mol_at_pos_0,True,True,True,True,True,True,True,True,True,True,True,True,True,True,True,True,True,True,True,True,True,True,True,True,True,True,True
7UAS_MBU,/home/carmen/docking/results/results_posebusters_unimol/7UAS_MBU/7UAS_MBU_unimol.sdf,mol_at_pos_0,True,True,True,True,True,True,True,True,True,True,True,True,True,True,True,True,True,True,True,True,True,True,True,True,True,True,True
7UAW_MF6,/home/carmen/docking/results/results_posebusters_unimol/7UAW_MF6/7UAW_MF6_unimol.sdf,mol_at_pos_0,True,True,True,True,True,True,True,True,True,True,True,True,True,True,True,True,True,True,False,True,True,True,True,True,True,True,True
7UEY_N0R,/home/carmen/docking/results/results_posebusters_unimol/7UEY_N0R/7UEY_N0R_unimol.sdf,mol_at_pos_0,True,True,True,True,True,True,True,True,True,True,True,True,True,True,True,True,True,True,True,True,True,True,True,True,True,True,False
7UF2_5SP,/home/carmen/docking/results/results_posebusters_unimol/7UF2_5SP/7UF2_5SP_unimol.sdf,mol_at_pos_0,True,True,True,True,True,True,True,True,True,False,True,True,True,True,True,True,True,True,True,True,True,True,True,True,True,True,True
7UJ4_OQ4,/home/carmen/docking/results/results_posebusters_unimol/7UJ4_OQ4/7UJ4_OQ4_unimol.sdf,mol_at_pos_0,True,True,True,True,True,True,True,True,True,True,True,True,True,True,True,True,True,True,True,True,True,True,True,True,True,True,True
7UJ5_DGL,/home/carmen/docking/results/results_posebusters_unimol/7UJ5_DGL/7UJ5_DGL_unimol.sdf,mol_at_pos_0,True,True,True,True,True,True,True,True,True,True,True,True,True,True,True,True,True,True,True,True,True,True,True,True,True,True,True
7UJF_R3V,/home/carmen/docking/results/results_posebusters_unimol/7UJF_R3V/7UJF_R3V_unimol.sdf,mol_at_pos_0,True,True,True,True,True,True,True,True,True,True,True,True,True,True,True,True,True,True,True,True,True,True,True,True,True,True,True
7UMV_NUU,/home/carmen/docking/results/results_posebusters_unimol/7UMV_NUU/7UMV_NUU_unimol.sdf,mol_at_pos_0,True,True,True,True,True,True,True,True,True,True,True,True,True,True,True,True,True,True,True,True,True,True,True,True,True,True,True
7UMW_NAD,/home/carmen/docking/results/results_posebusters_unimol/7UMW_NAD/7UMW_NAD_unimol.sdf,mol_at_pos_0,True,True,True,True,True,True,True,True,True,True,True,True,True,True,True,True,True,True,True,True,True,True,True,True,True,True,True
7UQ3_O2U,/home/carmen/docking/results/results_posebusters_unimol/7UQ3_O2U/7UQ3_O2U_unimol.sdf,mol_at_pos_0,True,True,True,True,True,True,True,True,True,True,True,True,True,True,True,True,True,True,True,True,True,True,True,True,True,True,False
7USH_82V,/home/carmen/docking/results/results_posebusters_unimol/7USH_82V/7USH_82V_unimol.sdf,mol_at_pos_0,True,True,True,True,True,True,True,True,True,True,True,True,True,True,True,True,True,True,True,True,True,True,True,True,True,True,True
7UTW_NAI,/home/carmen/docking/results/results_posebusters_unimol/7UTW_NAI/7UTW_NAI_unimol.sdf,mol_at_pos_0,True,True,True,True,True,True,True,True,True,True,True,True,True,True,False,True,True,True,True,True,True,True,True,True,True,True,True
7UXS_OJC,/home/carmen/docking/results/results_posebusters_unimol/7UXS_OJC/7UXS_OJC_unimol.sdf,mol_at_pos_0,True,True,True,True,True,True,True,True,True,False,True,True,True,True,True,True,True,True,True,True,True,True,True,True,True,True,False
7UY4_SMI,/home/carmen/docking/results/results_posebusters_unimol/7UY4_SMI/7UY4_SMI_unimol.sdf,mol_at_pos_0,True,True,True,True,True,True,True,True,True,False,True,True,True,True,True,True,True,True,True,True,True,True,True,True,True,True,True
7V14_ORU,/home/carmen/docking/results/results_posebusters_unimol/7V14_ORU/7V14_ORU_unimol.sdf,mol_at_pos_0,True,True,True,True,True,True,True,True,True,False,True,True,True,True,True,True,True,True,True,True,True,True,True,True,True,True,True
7V3N_AKG,/home/carmen/docking/results/results_posebusters_unimol/7V3N_AKG/7V3N_AKG_unimol.sdf,mol_at_pos_0,True,True,True,True,True,True,True,True,True,True,True,True,True,True,True,True,True,True,True,True,True,True,True,True,True,True,True
7V3S_5I9,/home/carmen/docking/results/results_posebusters_unimol/7V3S_5I9/7V3S_5I9_unimol.sdf,mol_at_pos_0,True,True,True,True,True,True,True,True,True,True,True,True,True,True,True,True,True,True,True,True,True,True,True,True,True,True,True
7V43_C4O,/home/carmen/docking/results/results_posebusters_unimol/7V43_C4O/7V43_C4O_unimol.sdf,mol_at_pos_0,True,True,True,True,True,True,True,True,True,True,True,True,True,True,True,True,True,True,True,True,True,True,True,True,True,True,True
7V8Z_5YH,/home/carmen/docking/results/results_posebusters_unimol/7V8Z_5YH/7V8Z_5YH_unimol.sdf,mol_at_pos_0,True,True,True,True,True,True,True,True,True,False,True,True,True,True,True,True,True,True,True,True,True,True,True,True,True,True,True
7VB8_STL,/home/carmen/docking/results/results_posebusters_unimol/7VB8_STL/7VB8_STL_unimol.sdf,mol_at_pos_0,True,True,True,True,True,True,True,True,True,True,True,True,True,True,True,True,True,True,True,True,True,True,True,True,True,True,False
7VC5_9SF,/home/carmen/docking/results/results_posebusters_unimol/7VC5_9SF/7VC5_9SF_unimol.sdf,mol_at_pos_0,True,True,True,True,True,True,True,True,True,True,True,True,True,True,True,True,True,True,True,True,True,True,True,True,True,True,True
7VJT_7IJ,/home/carmen/docking/results/results_posebusters_unimol/7VJT_7IJ/7VJT_7IJ_unimol.sdf,mol_at_pos_0,True,True,True,True,True,True,True,True,True,True,True,True,True,True,True,True,True,True,True,True,True,True,True,True,True,True,True
7VKZ_NOJ,/home/carmen/docking/results/results_posebusters_unimol/7VKZ_NOJ/7VKZ_NOJ_unimol.sdf,mol_at_pos_0,True,True,True,True,True,True,True,True,True,False,True,True,True,True,True,True,True,True,True,True,True,True,True,True,True,True,True
7VQ9_ISY,/home/carmen/docking/results/results_posebusters_unimol/7VQ9_ISY/7VQ9_ISY_unimol.sdf,mol_at_pos_0,True,True,True,True,True,True,True,True,True,True,True,True,True,True,True,True,True,True,True,True,True,True,True,True,True,True,True
7VWF_K55,/home/carmen/docking/results/results_posebusters_unimol/7VWF_K55/7VWF_K55_unimol.sdf,mol_at_pos_0,True,True,True,True,True,True,True,True,True,True,True,True,True,True,True,True,True,True,True,True,True,True,True,True,True,True,True
7VYJ_CA0,/home/carmen/docking/results/results_posebusters_unimol/7VYJ_CA0/7VYJ_CA0_unimol.sdf,mol_at_pos_0,True,True,True,True,True,True,True,True,True,True,True,True,True,True,True,True,True,True,True,True,True,True,True,True,True,True,True
7W06_ITN,/home/carmen/docking/results/results_posebusters_unimol/7W06_ITN/7W06_ITN_unimol.sdf,mol_at_pos_0,True,True,True,True,True,True,True,True,True,True,True,True,True,True,True,True,True,True,True,True,True,True,True,True,True,True,False
7W6F_8I6,/home/carmen/docking/results/results_posebusters_unimol/7W6F_8I6/7W6F_8I6_unimol.sdf,mol_at_pos_0,True,True,True,True,True,True,True,True,True,True,True,True,True,True,True,True,True,True,True,True,True,True,True,True,True,True,True
7WCF_ACP,/home/carmen/docking/results/results_posebusters_unimol/7WCF_ACP/7WCF_ACP_unimol.sdf,mol_at_pos_0,True,True,True,True,True,True,True,True,True,True,True,True,True,True,True,True,True,True,True,True,True,True,True,True,True,True,True
7WDT_NGS,/home/carmen/docking/results/results_posebusters_unimol/7WDT_NGS/7WDT_NGS_unimol.sdf,mol_at_pos_0,True,True,True,True,True,True,True,True,True,False,True,True,True,True,True,True,True,True,True,True,True,True,True,True,True,True,True
7WJB_BGC,/home/carmen/docking/results/results_posebusters_unimol/7WJB_BGC/7WJB_BGC_unimol.sdf,mol_at_pos_0,True,True,True,True,True,True,True,True,True,True,True,True,True,True,True,True,True,True,True,True,True,True,True,True,True,True,True
7WKL_CAQ,/home/carmen/docking/results/results_posebusters_unimol/7WKL_CAQ/7WKL_CAQ_unimol.sdf,mol_at_pos_0,True,True,True,True,True,True,True,True,True,True,True,True,True,True,True,True,True,True,True,True,True,True,True,True,True,True,True
7WL4_JFU,/home/carmen/docking/results/results_posebusters_unimol/7WL4_JFU/7WL4_JFU_unimol.sdf,mol_at_pos_0,True,True,True,True,True,True,True,True,True,True,True,True,True,True,True,True,True,True,True,True,True,True,True,True,True,True,True
7WPW_F15,/home/carmen/docking/results/results_posebusters_unimol/7WPW_F15/7WPW_F15_unimol.sdf,mol_at_pos_0,True,True,True,True,True,True,True,True,True,True,True,True,True,True,True,True,True,True,True,True,True,True,True,True,True,True,True
7WQQ_5Z6,/home/carmen/docking/results/results_posebusters_unimol/7WQQ_5Z6/7WQQ_5Z6_unimol.sdf,mol_at_pos_0,True,True,True,True,True,True,True,True,True,True,True,True,True,True,True,True,True,True,True,True,True,True,True,True,True,True,True
7WUX_6OI,/home/carmen/docking/results/results_posebusters_unimol/7WUX_6OI/7WUX_6OI_unimol.sdf,mol_at_pos_0,True,True,True,True,True,True,True,True,True,False,True,True,True,True,True,True,True,True,True,True,True,True,True,True,True,True,True
7WY1_D0L,/home/carmen/docking/results/results_posebusters_unimol/7WY1_D0L/7WY1_D0L_unimol.sdf,mol_at_pos_0,True,True,True,True,True,True,True,True,True,True,True,True,True,True,True,True,True,True,True,True,True,True,True,True,True,True,True
7X9K_8OG,/home/carmen/docking/results/results_posebusters_unimol/7X9K_8OG/7X9K_8OG_unimol.sdf,mol_at_pos_0,True,True,True,True,True,True,False,True,True,True,True,True,True,True,True,True,True,True,True,True,True,True,True,True,True,True,True
7XBV_APC,/home/carmen/docking/results/results_posebusters_unimol/7XBV_APC/7XBV_APC_unimol.sdf,mol_at_pos_0,True,True,True,True,True,True,True,True,True,True,True,True,True,True,True,True,True,True,True,True,True,True,True,True,True,True,True
7XEK_9YX,/home/carmen/docking/results/results_posebusters_unimol/7XEK_9YX/7XEK_9YX_unimol.sdf,mol_at_pos_0,True,True,True,True,True,True,True,True,True,False,True,True,True,True,True,True,True,True,True,True,True,True,True,True,True,True,True
7XFA_D9J,/home/carmen/docking/results/results_posebusters_unimol/7XFA_D9J/7XFA_D9J_unimol.sdf,mol_at_pos_0,True,True,True,True,True,True,True,True,True,True,True,True,True,True,True,True,True,True,True,True,True,True,True,True,True,True,False
7XG5_PLP,/home/carmen/docking/results/results_posebusters_unimol/7XG5_PLP/7XG5_PLP_unimol.sdf,mol_at_pos_0,True,True,True,True,True,True,True,True,True,True,True,True,True,True,True,True,True,True,True,True,True,True,True,True,True,True,True
7XI7_4RI,/home/carmen/docking/results/results_posebusters_unimol/7XI7_4RI/7XI7_4RI_unimol.sdf,mol_at_pos_0,True,True,True,True,True,True,True,True,True,True,True,True,True,True,True,True,True,True,True,True,True,True,True,True,True,True,True
7XIJ_EJ3,/home/carmen/docking/results/results_posebusters_unimol/7XIJ_EJ3/7XIJ_EJ3_unimol.sdf,mol_at_pos_0,True,True,True,True,True,True,True,True,True,True,True,True,True,True,True,True,True,True,True,True,True,True,True,True,True,True,False
7XJN_NSD,/home/carmen/docking/results/results_posebusters_unimol/7XJN_NSD/7XJN_NSD_unimol.sdf,mol_at_pos_0,True,True,True,True,True,True,True,True,True,True,True,True,True,True,True,True,True,True,True,True,True,True,True,True,True,True,True
7XQZ_FPF,/home/carmen/docking/results/results_posebusters_unimol/7XQZ_FPF/7XQZ_FPF_unimol.sdf,mol_at_pos_0,True,True,True,True,True,True,True,True,True,True,True,True,True,True,True,True,True,True,True,True,True,True,True,True,True,True,True
7XRL_FWK,/home/carmen/docking/results/results_posebusters_unimol/7XRL_FWK/7XRL_FWK_unimol.sdf,mol_at_pos_0,True,True,True,True,True,True,True,True,True,True,True,True,True,True,True,True,True,True,True,True,True,True,True,True,True,True,True
7YZU_DO7,/home/carmen/docking/results/results_posebusters_unimol/7YZU_DO7/7YZU_DO7_unimol.sdf,mol_at_pos_0,True,True,True,True,True,True,True,True,True,False,True,True,True,True,True,True,True,True,True,True,True,True,True,True,True,True,True
7Z1Q_NIO,/home/carmen/docking/results/results_posebusters_unimol/7Z1Q_NIO/7Z1Q_NIO_unimol.sdf,mol_at_pos_0,True,True,True,True,True,True,True,True,True,True,True,True,True,True,True,True,True,True,True,True,True,True,True,True,True,True,True
7Z2O_IAJ,/home/carmen/docking/results/results_posebusters_unimol/7Z2O_IAJ/7Z2O_IAJ_unimol.sdf,mol_at_pos_0,True,True,True,True,True,True,True,True,True,True,True,True,True,True,True,True,True,True,True,True,True,True,True,True,True,True,False
7Z7F_IF3,/home/carmen/docking/results/results_posebusters_unimol/7Z7F_IF3/7Z7F_IF3_unimol.sdf,mol_at_pos_0,True,True,True,True,True,True,True,True,True,True,True,True,True,True,True,True,True,True,True,True,True,True,True,True,True,True,False
7ZCC_OGA,/home/carmen/docking/results/results_posebusters_unimol/7ZCC_OGA/7ZCC_OGA_unimol.sdf,mol_at_pos_0,True,True,True,True,True,True,True,True,True,True,True,True,True,True,True,True,True,True,True,True,True,True,True,True,True,True,True
7ZDY_6MJ,/home/carmen/docking/results/results_posebusters_unimol/7ZDY_6MJ/7ZDY_6MJ_unimol.sdf,mol_at_pos_0,True,True,True,True,True,True,True,True,True,True,True,True,True,True,True,True,True,True,True,True,True,True,True,True,True,True,True
7ZF0_DHR,/home/carmen/docking/results/results_posebusters_unimol/7ZF0_DHR/7ZF0_DHR_unimol.sdf,mol_at_pos_0,True,True,True,True,True,True,True,True,True,True,True,True,True,True,True,True,True,True,True,True,True,True,True,True,True,True,True
7ZOC_T8E,/home/carmen/docking/results/results_posebusters_unimol/7ZOC_T8E/7ZOC_T8E_unimol.sdf,mol_at_pos_0,True,True,True,True,True,True,True,True,True,True,True,True,True,True,True,True,True,True,True,True,True,True,True,True,True,True,True
7ZTL_BCN,/home/carmen/docking/results/results_posebusters_unimol/7ZTL_BCN/7ZTL_BCN_unimol.sdf,mol_at_pos_0,True,True,True,True,True,True,True,True,True,True,True,True,True,True,True,True,True,True,False,False,True,False,False,True,True,True,False
7ZU2_DHT,/home/carmen/docking/results/results_posebusters_unimol/7ZU2_DHT/7ZU2_DHT_unimol.sdf,mol_at_pos_0,True,True,True,True,True,True,True,True,True,True,True,True,True,True,True,True,True,True,True,True,True,True,True,True,True,True,True
7ZXV_45D,/home/carmen/docking/results/results_posebusters_unimol/7ZXV_45D/7ZXV_45D_unimol.sdf,mol_at_pos_0,True,True,True,True,True,True,True,True,False,True,True,True,True,True,True,True,True,True,True,True,True,True,True,True,True,True,True
7ZXZ_K9R,/home/carmen/docking/results/results_posebusters_unimol/7ZXZ_K9R/7ZXZ_K9R_unimol.sdf,mol_at_pos_0,True,True,True,True,True,True,True,True,True,False,True,True,True,True,True,True,True,True,True,True,True,True,True,True,True,True,True
7ZYS_KNR,/home/carmen/docking/results/results_posebusters_unimol/7ZYS_KNR/7ZYS_KNR_unimol.sdf,mol_at_pos_0,True,True,True,True,True,True,True,True,True,True,True,True,True,True,True,True,True,True,True,True,True,True,True,True,True,True,False
7ZZB_KGX,/home/carmen/docking/results/results_posebusters_unimol/7ZZB_KGX/7ZZB_KGX_unimol.sdf,mol_at_pos_0,True,True,True,True,True,True,True,True,True,False,True,True,True,True,True,True,True,True,True,True,True,True,True,True,True,True,False
7ZZW_KKW,/home/carmen/docking/results/results_posebusters_unimol/7ZZW_KKW/7ZZW_KKW_unimol.sdf,mol_at_pos_0,True,True,True,True,True,True,True,True,True,True,True,True,True,True,True,True,True,True,False,True,True,True,True,True,True,True,True
8A2D_KXY,/home/carmen/docking/results/results_posebusters_unimol/8A2D_KXY/8A2D_KXY_unimol.sdf,mol_at_pos_0,True,True,True,True,True,True,True,True,True,True,True,True,True,True,True,True,True,True,True,True,True,True,True,True,True,True,True
8AAU_LH0,/home/carmen/docking/results/results_posebusters_unimol/8AAU_LH0/8AAU_LH0_unimol.sdf,mol_at_pos_0,True,True,True,True,True,True,True,True,True,True,True,True,True,True,True,True,True,True,True,True,True,True,True,True,True,True,True
8ACL_LQL,/home/carmen/docking/results/results_posebusters_unimol/8ACL_LQL/8ACL_LQL_unimol.sdf,mol_at_pos_0,True,True,True,True,True,True,True,True,True,True,True,True,True,True,True,True,True,True,True,True,True,True,True,True,True,True,True
8AEU_M0L,/home/carmen/docking/results/results_posebusters_unimol/8AEU_M0L/8AEU_M0L_unimol.sdf,mol_at_pos_0,True,True,True,True,True,True,True,True,True,True,True,True,True,True,True,True,True,True,True,True,True,True,True,True,True,True,False
8AIE_M7L,/home/carmen/docking/results/results_posebusters_unimol/8AIE_M7L/8AIE_M7L_unimol.sdf,mol_at_pos_0,True,True,True,True,True,True,True,True,True,True,True,True,True,True,True,True,True,True,True,True,True,True,True,True,True,True,False
8AIJ_M9I,/home/carmen/docking/results/results_posebusters_unimol/8AIJ_M9I/8AIJ_M9I_unimol.sdf,mol_at_pos_0,True,True,True,True,True,True,True,True,True,True,True,True,True,True,True,True,True,True,True,True,True,True,True,True,True,True,False
8AJX_FUM,/home/carmen/docking/results/results_posebusters_unimol/8AJX_FUM/8AJX_FUM_unimol.sdf,mol_at_pos_0,True,True,True,True,True,True,True,True,False,True,True,True,True,True,True,True,True,True,True,True,True,True,True,True,True,True,False
8AP0_PRP,/home/carmen/docking/results/results_posebusters_unimol/8AP0_PRP/8AP0_PRP_unimol.sdf,mol_at_pos_0,True,True,True,True,True,True,True,True,True,False,True,True,True,True,True,True,True,True,False,True,True,True,True,True,True,True,False
8AQL_PLG,/home/carmen/docking/results/results_posebusters_unimol/8AQL_PLG/8AQL_PLG_unimol.sdf,mol_at_pos_0,True,True,True,True,True,True,True,True,True,True,True,True,True,True,True,True,False,True,True,True,True,True,True,True,True,True,True
8AUH_L9I,/home/carmen/docking/results/results_posebusters_unimol/8AUH_L9I/8AUH_L9I_unimol.sdf,mol_at_pos_0,True,True,True,True,True,True,True,True,True,True,True,True,True,True,True,True,True,True,True,True,True,True,True,True,True,True,False
8AY3_OE3,/home/carmen/docking/results/results_posebusters_unimol/8AY3_OE3/8AY3_OE3_unimol.sdf,mol_at_pos_0,True,True,True,True,True,True,True,True,True,True,True,True,True,True,True,True,True,True,True,True,True,True,True,True,True,True,True
8B8H_OJQ,/home/carmen/docking/results/results_posebusters_unimol/8B8H_OJQ/8B8H_OJQ_unimol.sdf,mol_at_pos_0,True,True,True,True,True,True,True,True,True,True,True,True,True,True,True,True,True,True,True,True,True,True,True,True,True,True,True
8BOM_QU6,/home/carmen/docking/results/results_posebusters_unimol/8BOM_QU6/8BOM_QU6_unimol.sdf,mol_at_pos_0,True,True,True,True,True,True,True,True,True,True,True,True,True,True,True,True,True,True,True,True,True,True,True,True,True,True,True
8BPL_CP,/home/carmen/docking/results/results_posebusters_unimol/8BPL_CP/8BPL_CP_unimol.sdf,mol_at_pos_0,True,True,True,True,True,True,True,True,True,True,True,True,True,True,True,True,True,True,True,True,True,True,True,True,True,True,True
8BRO_R7E,/home/carmen/docking/results/results_posebusters_unimol/8BRO_R7E/8BRO_R7E_unimol.sdf,mol_at_pos_0,True,True,True,True,True,True,True,True,True,False,True,True,True,True,True,True,True,True,True,True,True,True,True,True,True,True,False
8BTI_RFO,/home/carmen/docking/results/results_posebusters_unimol/8BTI_RFO/8BTI_RFO_unimol.sdf,mol_at_pos_0,True,True,True,True,True,True,True,True,True,True,True,True,True,True,True,True,True,True,True,True,True,True,True,True,True,True,True
8C3N_ADP,/home/carmen/docking/results/results_posebusters_unimol/8C3N_ADP/8C3N_ADP_unimol.sdf,mol_at_pos_0,True,True,True,True,True,True,True,True,True,True,True,True,True,True,True,True,True,True,True,True,True,True,True,True,True,True,True
8C5D_GTB,/home/carmen/docking/results/results_posebusters_unimol/8C5D_GTB/8C5D_GTB_unimol.sdf,mol_at_pos_0,True,True,True,True,True,True,True,True,True,True,True,True,True,True,True,True,True,True,True,True,True,True,True,True,True,True,True
8C5M_MTA,/home/carmen/docking/results/results_posebusters_unimol/8C5M_MTA/8C5M_MTA_unimol.sdf,mol_at_pos_0,True,True,True,True,True,True,True,True,True,True,True,True,True,True,True,True,True,True,True,True,True,True,True,True,True,True,True
8CGC_LMR,/home/carmen/docking/results/results_posebusters_unimol/8CGC_LMR/8CGC_LMR_unimol.sdf,mol_at_pos_0,True,True,True,True,True,True,True,True,True,True,True,True,True,True,True,True,True,True,True,True,True,True,True,True,True,True,False
8CI0_8EL,/home/carmen/docking/results/results_posebusters_unimol/8CI0_8EL/8CI0_8EL_unimol.sdf,mol_at_pos_0,True,True,True,True,True,True,True,True,True,True,True,True,True,True,True,True,True,True,True,True,True,True,True,True,True,True,True
8CNH_V6U,/home/carmen/docking/results/results_posebusters_unimol/8CNH_V6U/8CNH_V6U_unimol.sdf,mol_at_pos_0,True,True,True,True,True,True,True,True,True,True,True,True,True,True,True,True,True,True,True,True,True,True,True,True,True,True,False
8CSD_C5P,/home/carmen/docking/results/results_posebusters_unimol/8CSD_C5P/8CSD_C5P_unimol.sdf,mol_at_pos_0,True,True,True,True,True,True,True,True,True,True,True,True,True,True,True,True,True,True,True,True,True,True,True,True,True,True,True
8D19_GSH,/home/carmen/docking/results/results_posebusters_unimol/8D19_GSH/8D19_GSH_unimol.sdf,mol_at_pos_0,True,True,True,True,True,True,True,True,True,False,True,True,True,True,True,True,True,True,True,True,True,True,True,True,True,True,False
8D39_QDB,/home/carmen/docking/results/results_posebusters_unimol/8D39_QDB/8D39_QDB_unimol.sdf,mol_at_pos_0,True,True,True,True,True,True,True,True,True,True,True,True,True,True,True,True,True,True,True,True,True,True,True,True,True,True,True
8D5D_5DK,/home/carmen/docking/results/results_posebusters_unimol/8D5D_5DK/8D5D_5DK_unimol.sdf,mol_at_pos_0,True,True,True,True,True,True,True,True,True,True,True,True,True,True,True,True,True,True,True,True,True,True,True,True,True,True,True
8DHG_T78,/home/carmen/docking/results/results_posebusters_unimol/8DHG_T78/8DHG_T78_unimol.sdf,mol_at_pos_0,True,True,True,True,True,True,True,True,True,True,True,True,True,True,True,True,True,True,True,True,True,True,True,True,True,True,False
8DKO_TFB,/home/carmen/docking/results/results_posebusters_unimol/8DKO_TFB/8DKO_TFB_unimol.sdf,mol_at_pos_0,True,True,True,True,True,True,True,True,True,True,True,True,True,True,True,True,True,True,True,True,True,True,True,True,True,True,True
8DSC_NCA,/home/carmen/docking/results/results_posebusters_unimol/8DSC_NCA/8DSC_NCA_unimol.sdf,mol_at_pos_0,True,True,True,True,True,True,True,True,True,True,True,True,True,True,True,True,True,True,True,True,True,True,True,True,True,True,True
8DW5_FQ7,/home/carmen/docking/results/results_posebusters_unimol/8DW5_FQ7/8DW5_FQ7_unimol.sdf,mol_at_pos_0,True,True,True,True,True,True,True,True,True,True,True,True,True,True,True,True,True,True,True,True,True,True,True,True,True,True,True
8EAB_VN2,/home/carmen/docking/results/results_posebusters_unimol/8EAB_VN2/8EAB_VN2_unimol.sdf,mol_at_pos_0,True,True,True,True,True,True,True,True,True,True,True,True,True,True,True,True,True,True,True,True,True,True,True,True,True,True,False
8EAD_UY0,/home/carmen/docking/results/results_posebusters_unimol/8EAD_UY0/8EAD_UY0_unimol.sdf,mol_at_pos_0,True,True,True,True,True,True,True,True,True,True,True,True,True,True,True,True,True,True,True,True,True,True,True,True,True,True,True
8ERS_WQO,/home/carmen/docking/results/results_posebusters_unimol/8ERS_WQO/8ERS_WQO_unimol.sdf,mol_at_pos_0,True,True,True,True,True,True,True,True,True,False,True,True,True,True,True,True,True,True,True,True,True,True,True,True,True,True,False
8EX2_Q2Q,/home/carmen/docking/results/results_posebusters_unimol/8EX2_Q2Q/8EX2_Q2Q_unimol.sdf,mol_at_pos_0,True,True,True,True,True,True,True,True,True,True,True,True,True,True,True,True,True,True,True,True,True,True,True,True,True,True,False
8EXL_799,/home/carmen/docking/results/results_posebusters_unimol/8EXL_799/8EXL_799_unimol.sdf,mol_at_pos_0,True,True,True,True,True,True,True,True,True,True,True,True,True,True,True,True,True,True,True,True,True,True,True,True,True,True,True
8EYE_X4I,/home/carmen/docking/results/results_posebusters_unimol/8EYE_X4I/8EYE_X4I_unimol.sdf,mol_at_pos_0,True,True,True,True,True,True,True,True,True,True,True,True,True,True,True,True,True,True,True,True,True,True,True,True,True,True,True
8FAV_4Y5,/home/carmen/docking/results/results_posebusters_unimol/8FAV_4Y5/8FAV_4Y5_unimol.sdf,mol_at_pos_0,True,True,True,True,True,True,True,True,True,True,True,True,True,True,True,True,True,True,True,True,True,True,True,True,True,True,True
8FLN_Y7W,/home/carmen/docking/results/results_posebusters_unimol/8FLN_Y7W/8FLN_Y7W_unimol.sdf,mol_at_pos_0,True,True,True,True,True,True,True,True,True,True,True,True,True,True,True,True,True,True,True,True,True,True,True,True,True,True,True
8FO5_Y4U,/home/carmen/docking/results/results_posebusters_unimol/8FO5_Y4U/8FO5_Y4U_unimol.sdf,mol_at_pos_0,True,True,True,True,True,True,True,True,True,True,True,True,True,True,True,True,True,True,True,True,True,True,True,True,True,True,True
8FV9_80J,/home/carmen/docking/results/results_posebusters_unimol/8FV9_80J/8FV9_80J_unimol.sdf,mol_at_pos_0,True,True,True,True,True,True,True,True,True,False,True,True,True,True,True,True,True,True,True,True,True,True,True,True,True,True,False
8G0V_YHT,/home/carmen/docking/results/results_posebusters_unimol/8G0V_YHT/8G0V_YHT_unimol.sdf,mol_at_pos_0,True,True,True,True,True,True,True,True,True,True,True,True,True,True,True,True,True,True,True,True,True,True,True,True,True,True,True
8G43_ZU6,/home/carmen/docking/results/results_posebusters_unimol/8G43_ZU6/8G43_ZU6_unimol.sdf,mol_at_pos_0,True,True,True,True,True,True,True,True,True,True,True,True,True,True,True,True,True,True,True,True,True,True,True,True,True,True,False
8G6P_API,/home/carmen/docking/results/results_posebusters_unimol/8G6P_API/8G6P_API_unimol.sdf,mol_at_pos_0,True,True,True,True,True,True,True,True,True,True,True,True,True,True,True,True,True,True,True,True,True,True,True,True,True,True,True
8GFD_ZHR,/home/carmen/docking/results/results_posebusters_unimol/8GFD_ZHR/8GFD_ZHR_unimol.sdf,mol_at_pos_0,True,True,True,True,True,True,True,True,True,True,True,True,True,True,True,True,True,True,True,True,True,True,True,True,True,True,True
8H0M_2EH,/home/carmen/docking/results/results_posebusters_unimol/8H0M_2EH/8H0M_2EH_unimol.sdf,mol_at_pos_0,True,True,True,True,True,True,True,True,True,False,True,True,True,True,True,True,True,True,True,True,True,True,True,True,True,True,True
8HFN_XGC,/home/carmen/docking/results/results_posebusters_unimol/8HFN_XGC/8HFN_XGC_unimol.sdf,mol_at_pos_0,True,True,True,True,True,True,True,True,True,False,True,True,True,True,True,True,True,True,True,True,True,True,True,True,True,True,True
8SLG_G5A,/home/carmen/docking/results/results_posebusters_unimol/8SLG_G5A/8SLG_G5A_unimol.sdf,mol_at_pos_0,True,True,True,True,True,True,True,True,True,True,True,True,True,True,True,True,True,True,True,True,True,True,True,True,True,True,True
