5S8I_2LY,/home/carmen/docking/data_sets/posebusters_benchmark_set/5S8I_2LY/5S8I_2LY_ligand_opt_start_deepdock.sdf,5S8I_2LY_A_1501,True,True,True,True,True,True,True,True,True,True,True,True,False,True,True,True,True,True,False,True,True,True,False,True,True,True,False
5SD5_HWI,/home/carmen/docking/data_sets/posebusters_benchmark_set/5SD5_HWI/5SD5_HWI_ligand_opt_start_deepdock.sdf,5SD5_HWI_A_202,True,True,True,True,True,True,True,True,True,True,True,True,False,True,True,True,False,True,False,False,True,False,False,True,True,True,False
6M2B_EZO,/home/carmen/docking/data_sets/posebusters_benchmark_set/6M2B_EZO/6M2B_EZO_ligand_opt_start_deepdock.sdf,6M2B_EZO_A_403,True,True,True,True,True,True,True,True,True,True,True,True,True,True,True,True,True,True,False,True,True,True,False,True,True,True,False
6W59_SZD,/home/carmen/docking/data_sets/posebusters_benchmark_set/6W59_SZD/6W59_SZD_ligand_opt_start_deepdock.sdf,6W59_SZD_A_602,True,True,True,True,True,True,True,True,True,True,True,True,False,True,True,True,False,True,False,True,True,True,False,True,True,True,False
6XCT_478,/home/carmen/docking/data_sets/posebusters_benchmark_set/6XCT_478/6XCT_478_ligand_opt_start_deepdock.sdf,6XCT_478_A_401,True,True,True,True,True,True,True,True,True,True,True,True,False,True,True,True,False,True,False,True,True,True,False,True,True,True,False
6XG5_TOP,/home/carmen/docking/data_sets/posebusters_benchmark_set/6XG5_TOP/6XG5_TOP_ligand_opt_start_deepdock.sdf,6XG5_TOP_A_303,True,True,True,True,True,True,True,True,True,True,True,True,False,True,True,True,False,True,False,True,True,True,False,True,True,True,False
6YDY_K73,/home/carmen/docking/data_sets/posebusters_benchmark_set/6YDY_K73/6YDY_K73_ligand_opt_start_deepdock.sdf,6YDY_K73_A_302,True,True,True,True,True,True,True,True,True,False,True,True,False,True,True,True,False,True,False,True,True,True,True,True,True,True,False
6YQV_8K2,/home/carmen/docking/data_sets/posebusters_benchmark_set/6YQV_8K2/6YQV_8K2_ligand_opt_start_deepdock.sdf,6YQV_8K2_H_308,True,True,True,True,True,True,True,True,True,True,True,True,True,True,True,True,True,True,False,True,True,True,False,True,True,True,False
6YT6_PKE,/home/carmen/docking/data_sets/posebusters_benchmark_set/6YT6_PKE/6YT6_PKE_ligand_opt_start_deepdock.sdf,6YT6_PKE_A_701,True,True,True,True,True,True,True,True,True,True,True,True,False,True,True,True,False,True,False,True,True,True,False,True,True,True,False
6YYO_Q1K,/home/carmen/docking/data_sets/posebusters_benchmark_set/6YYO_Q1K/6YYO_Q1K_ligand_opt_start_deepdock.sdf,6YYO_Q1K_BBB_323,True,True,True,True,True,True,True,True,True,True,True,True,True,True,True,True,True,True,False,False,True,False,False,True,True,True,False
6Z1C_7EY,/home/carmen/docking/data_sets/posebusters_benchmark_set/6Z1C_7EY/6Z1C_7EY_ligand_opt_start_deepdock.sdf,6Z1C_7EY_A_501,True,True,True,True,True,True,True,True,True,True,True,True,False,True,True,True,False,True,False,True,True,True,False,True,True,True,False
6Z2C_Q5E,/home/carmen/docking/data_sets/posebusters_benchmark_set/6Z2C_Q5E/6Z2C_Q5E_ligand_opt_start_deepdock.sdf,6Z2C_Q5E_C_201,True,True,True,True,True,True,True,True,True,True,True,True,False,True,True,True,False,True,False,True,True,True,False,True,True,True,False
6Z5Z_BDF,/home/carmen/docking/data_sets/posebusters_benchmark_set/6Z5Z_BDF/6Z5Z_BDF_ligand_opt_start_deepdock.sdf,6Z5Z_BDF_A_103,True,True,True,True,True,True,True,True,True,True,True,True,True,True,True,True,True,True,False,True,True,True,False,True,True,True,False
6ZC3_JOR,/home/carmen/docking/data_sets/posebusters_benchmark_set/6ZC3_JOR/6ZC3_JOR_ligand_opt_start_deepdock.sdf,6ZC3_JOR_B_401,True,True,True,True,True,True,True,True,True,True,True,True,False,True,True,True,True,True,False,True,True,True,False,True,True,True,False
6ZR8_QOZ,/home/carmen/docking/data_sets/posebusters_benchmark_set/6ZR8_QOZ/6ZR8_QOZ_ligand_opt_start_deepdock.sdf,6ZR8_QOZ_A_302,True,True,True,True,True,True,True,True,True,True,True,True,True,True,True,True,False,True,False,True,True,True,False,True,True,True,False
7A1P_QW2,/home/carmen/docking/data_sets/posebusters_benchmark_set/7A1P_QW2/7A1P_QW2_ligand_opt_start_deepdock.sdf,7A1P_QW2_A_505,True,True,True,True,True,True,True,True,True,True,True,True,True,True,True,True,True,True,False,True,True,True,False,True,True,True,False
7A9E_R4W,/home/carmen/docking/data_sets/posebusters_benchmark_set/7A9E_R4W/7A9E_R4W_ligand_opt_start_deepdock.sdf,7A9E_R4W_A_405,True,True,True,True,True,True,True,True,True,True,True,True,True,True,True,True,True,True,False,True,True,True,False,True,True,True,False
7AA0_R6B,/home/carmen/docking/data_sets/posebusters_benchmark_set/7AA0_R6B/7AA0_R6B_ligand_opt_start_deepdock.sdf,7AA0_R6B_BBB_201,True,True,True,True,True,True,True,True,True,True,True,True,True,True,True,True,True,True,False,True,True,True,False,True,True,True,False
7AKL_RK5,/home/carmen/docking/data_sets/posebusters_benchmark_set/7AKL_RK5/7AKL_RK5_ligand_opt_start_deepdock.sdf,7AKL_RK5_A_501,True,True,True,True,True,True,True,True,True,True,True,True,True,True,True,True,True,True,False,True,True,True,False,True,True,True,False
7AN5_RDH,/home/carmen/docking/data_sets/posebusters_benchmark_set/7AN5_RDH/7AN5_RDH_ligand_opt_start_deepdock.sdf,7AN5_RDH_A_301,True,True,True,True,True,True,True,True,True,True,True,True,True,True,True,True,True,True,False,True,True,True,False,True,True,True,False
7AVI_S2Q,/home/carmen/docking/data_sets/posebusters_benchmark_set/7AVI_S2Q/7AVI_S2Q_ligand_opt_start_deepdock.sdf,7AVI_S2Q_B_1101,True,True,True,True,True,True,True,True,True,False,True,True,False,True,True,True,False,True,False,True,True,True,False,True,True,True,False
7B2C_TP7,/home/carmen/docking/data_sets/posebusters_benchmark_set/7B2C_TP7/7B2C_TP7_ligand_opt_start_deepdock.sdf,7B2C_TP7_A_1204,True,True,True,True,True,True,True,True,True,False,True,True,False,True,True,True,False,True,False,True,True,True,False,True,True,True,False
7BA0_T5H,/home/carmen/docking/data_sets/posebusters_benchmark_set/7BA0_T5H/7BA0_T5H_ligand_opt_start_deepdock.sdf,7BA0_T5H_A_201,True,True,True,True,True,True,True,True,True,True,True,True,False,True,True,True,False,True,False,True,True,True,False,True,True,True,False
7BCP_GCO,/home/carmen/docking/data_sets/posebusters_benchmark_set/7BCP_GCO/7BCP_GCO_ligand_opt_start_deepdock.sdf,7BCP_GCO_A_401,True,True,True,True,True,True,True,True,True,True,True,True,False,True,True,True,False,True,False,True,True,True,False,True,True,True,False
7BJ6_TVK,/home/carmen/docking/data_sets/posebusters_benchmark_set/7BJ6_TVK/7BJ6_TVK_ligand_opt_start_deepdock.sdf,7BJ6_TVK_A_207,True,True,True,True,True,True,True,True,True,True,True,True,False,True,True,True,False,True,False,False,False,False,False,True,True,True,False
7BKA_4JC,/home/carmen/docking/data_sets/posebusters_benchmark_set/7BKA_4JC/7BKA_4JC_ligand_opt_start_deepdock.sdf,7BKA_4JC_E_201,True,True,True,True,True,True,True,True,True,True,True,True,True,True,True,True,True,True,False,True,True,True,False,True,True,True,False
7BLG_GAL,/home/carmen/docking/data_sets/posebusters_benchmark_set/7BLG_GAL/7BLG_GAL_ligand_opt_start_deepdock.sdf,7BLG_GAL_A_201,True,True,True,True,True,True,True,True,True,False,True,True,True,True,True,True,True,True,False,True,True,True,False,True,True,True,False
7BNH_BEZ,/home/carmen/docking/data_sets/posebusters_benchmark_set/7BNH_BEZ/7BNH_BEZ_ligand_opt_start_deepdock.sdf,7BNH_BEZ_A_501,True,True,True,True,True,True,True,True,True,True,True,True,True,True,True,True,True,True,False,True,True,True,False,True,True,True,False
7CL8_TES,/home/carmen/docking/data_sets/posebusters_benchmark_set/7CL8_TES/7CL8_TES_ligand_opt_start_deepdock.sdf,7CL8_TES_A_505,True,True,True,True,True,True,True,True,True,True,True,True,True,True,True,True,True,True,False,True,True,True,False,True,True,True,False
7CNQ_G8X,/home/carmen/docking/data_sets/posebusters_benchmark_set/7CNQ_G8X/7CNQ_G8X_ligand_opt_start_deepdock.sdf,7CNQ_G8X_C_602,True,True,True,True,True,True,True,True,True,False,True,True,True,True,True,True,True,True,False,True,True,True,False,True,True,True,False
7CNS_PMV,/home/carmen/docking/data_sets/posebusters_benchmark_set/7CNS_PMV/7CNS_PMV_ligand_opt_start_deepdock.sdf,7CNS_PMV_A_501,True,True,True,True,True,True,True,True,True,True,True,True,False,True,True,True,False,True,False,True,True,True,False,True,True,True,False
7D9L_GSF,/home/carmen/docking/data_sets/posebusters_benchmark_set/7D9L_GSF/7D9L_GSF_ligand_opt_start_deepdock.sdf,7D9L_GSF_A_305,True,True,True,True,True,True,True,True,True,False,True,True,False,True,True,True,False,True,False,True,True,True,False,True,True,True,False
7DIN_MPO,/home/carmen/docking/data_sets/posebusters_benchmark_set/7DIN_MPO/7DIN_MPO_ligand_opt_start_deepdock.sdf,7DIN_MPO_A_201,True,True,True,True,True,True,True,True,True,True,True,True,False,True,True,True,False,True,False,True,True,True,False,True,True,True,False
7DQL_4CL,/home/carmen/docking/data_sets/posebusters_benchmark_set/7DQL_4CL/7DQL_4CL_ligand_opt_start_deepdock.sdf,7DQL_4CL_A_302,True,True,True,True,True,True,True,True,True,True,True,True,True,True,True,True,True,True,False,True,True,True,False,True,True,True,False
7E4L_MDN,/home/carmen/docking/data_sets/posebusters_benchmark_set/7E4L_MDN/7E4L_MDN_ligand_opt_start_deepdock.sdf,7E4L_MDN_A_301,True,True,True,True,True,True,True,True,True,True,True,True,True,True,True,True,True,True,False,True,True,True,False,True,True,True,False
7EBG_J0L,/home/carmen/docking/data_sets/posebusters_benchmark_set/7EBG_J0L/7EBG_J0L_ligand_opt_start_deepdock.sdf,7EBG_J0L_A_502,True,True,True,True,True,True,True,True,True,True,True,True,True,True,True,True,True,True,False,True,True,True,False,True,True,True,False
7EN7_J79,/home/carmen/docking/data_sets/posebusters_benchmark_set/7EN7_J79/7EN7_J79_ligand_opt_start_deepdock.sdf,7EN7_J79_A_301,True,True,True,True,True,True,True,True,True,False,True,True,False,True,True,True,False,True,False,True,True,True,False,True,True,True,False
7FRX_O88,/home/carmen/docking/data_sets/posebusters_benchmark_set/7FRX_O88/7FRX_O88_ligand_opt_start_deepdock.sdf,7FRX_O88_F_605,True,True,True,True,True,True,True,True,True,True,True,True,False,True,True,True,False,True,False,True,True,True,False,True,True,True,False
7FT9_4MB,/home/carmen/docking/data_sets/posebusters_benchmark_set/7FT9_4MB/7FT9_4MB_ligand_opt_start_deepdock.sdf,7FT9_4MB_C_301,True,True,True,True,True,True,True,True,True,True,True,True,True,True,True,True,True,True,False,True,True,True,False,True,True,True,False
7JGW_V9S,/home/carmen/docking/data_sets/posebusters_benchmark_set/7JGW_V9S/7JGW_V9S_ligand_opt_start_deepdock.sdf,7JGW_V9S_A_301,True,True,True,True,True,True,True,True,True,True,True,True,False,True,True,True,False,True,False,True,True,True,False,True,True,True,False
7JUD_MMA,/home/carmen/docking/data_sets/posebusters_benchmark_set/7JUD_MMA/7JUD_MMA_ligand_opt_start_deepdock.sdf,7JUD_MMA_B_802,True,True,True,True,True,True,True,True,True,True,True,True,True,True,True,True,True,True,False,True,True,True,False,True,True,True,False
7K41_VUA,/home/carmen/docking/data_sets/posebusters_benchmark_set/7K41_VUA/7K41_VUA_ligand_opt_start_deepdock.sdf,7K41_VUA_A_2602,True,True,True,True,True,True,True,True,True,True,True,True,False,True,True,True,False,True,False,True,True,True,False,True,True,True,False
7KB1_WBJ,/home/carmen/docking/data_sets/posebusters_benchmark_set/7KB1_WBJ/7KB1_WBJ_ligand_opt_start_deepdock.sdf,7KB1_WBJ_A_501,True,True,True,True,True,True,True,True,True,True,True,True,False,True,True,True,True,True,False,True,True,True,False,True,True,True,False
7KC5_BJZ,/home/carmen/docking/data_sets/posebusters_benchmark_set/7KC5_BJZ/7KC5_BJZ_ligand_opt_start_deepdock.sdf,7KC5_BJZ_A_402,True,True,True,True,True,True,True,True,True,False,True,True,True,True,True,True,True,True,False,True,True,True,False,True,True,True,False
7KM8_WPD,/home/carmen/docking/data_sets/posebusters_benchmark_set/7KM8_WPD/7KM8_WPD_ligand_opt_start_deepdock.sdf,7KM8_WPD_B_203,True,True,True,True,True,True,True,True,True,False,True,True,False,True,True,True,False,True,False,True,True,True,False,True,True,True,False
7L03_F9F,/home/carmen/docking/data_sets/posebusters_benchmark_set/7L03_F9F/7L03_F9F_ligand_opt_start_deepdock.sdf,7L03_F9F_A_301,True,True,True,True,True,True,True,True,True,True,True,True,False,True,True,True,False,True,False,True,True,True,False,True,True,True,False
7L6D_BMF,/home/carmen/docking/data_sets/posebusters_benchmark_set/7L6D_BMF/7L6D_BMF_ligand_opt_start_deepdock.sdf,7L6D_BMF_A_501,True,True,True,True,True,True,True,True,True,True,True,True,False,True,True,True,False,True,False,True,True,True,False,True,True,True,False
7L7C_XQ1,/home/carmen/docking/data_sets/posebusters_benchmark_set/7L7C_XQ1/7L7C_XQ1_ligand_opt_start_deepdock.sdf,7L7C_XQ1_A_201,True,True,True,True,True,True,True,True,True,True,True,True,True,True,True,True,True,True,False,True,True,True,False,True,True,True,False
7LEV_0JO,/home/carmen/docking/data_sets/posebusters_benchmark_set/7LEV_0JO/7LEV_0JO_ligand_opt_start_deepdock.sdf,7LEV_0JO_B_406,True,True,True,True,True,True,True,True,True,True,True,True,False,True,True,True,False,True,False,True,True,True,False,True,True,True,False
7LT0_ONJ,/home/carmen/docking/data_sets/posebusters_benchmark_set/7LT0_ONJ/7LT0_ONJ_ligand_opt_start_deepdock.sdf,7LT0_ONJ_A_301,True,True,True,True,True,True,True,True,True,True,True,True,True,True,True,True,True,True,False,True,True,True,False,True,True,True,False
7M3H_YPV,/home/carmen/docking/data_sets/posebusters_benchmark_set/7M3H_YPV/7M3H_YPV_ligand_opt_start_deepdock.sdf,7M3H_YPV_B_501,True,True,True,True,True,True,True,True,True,True,True,True,False,True,True,True,False,True,False,True,True,True,False,True,True,True,False
7MAE_XUS,/home/carmen/docking/data_sets/posebusters_benchmark_set/7MAE_XUS/7MAE_XUS_ligand_opt_start_deepdock.sdf,7MAE_XUS_A_101,True,True,True,True,True,True,True,True,True,False,True,True,False,True,True,True,False,True,False,True,True,True,False,True,True,True,False
7MMH_ZJY,/home/carmen/docking/data_sets/posebusters_benchmark_set/7MMH_ZJY/7MMH_ZJY_ligand_opt_start_deepdock.sdf,7MMH_ZJY_A_1202,True,True,True,True,True,True,True,True,True,True,True,True,False,True,True,True,False,True,False,False,True,False,False,True,True,True,False
7MOI_HPS,/home/carmen/docking/data_sets/posebusters_benchmark_set/7MOI_HPS/7MOI_HPS_ligand_opt_start_deepdock.sdf,7MOI_HPS_A_501,True,True,True,True,True,True,True,True,True,True,True,True,True,True,True,True,True,True,False,True,True,True,False,True,True,True,False
7MY1_IPE,/home/carmen/docking/data_sets/posebusters_benchmark_set/7MY1_IPE/7MY1_IPE_ligand_opt_start_deepdock.sdf,7MY1_IPE_AAA_401,True,True,True,True,True,True,True,True,True,True,True,True,False,True,True,True,False,True,False,True,True,True,False,True,True,True,False
7N4N_0BK,/home/carmen/docking/data_sets/posebusters_benchmark_set/7N4N_0BK/7N4N_0BK_ligand_opt_start_deepdock.sdf,7N4N_0BK_A_401,True,True,True,True,True,True,True,True,True,True,True,True,False,True,True,True,False,True,False,True,True,True,False,True,True,True,False
7N4W_P4V,/home/carmen/docking/data_sets/posebusters_benchmark_set/7N4W_P4V/7N4W_P4V_ligand_opt_start_deepdock.sdf,7N4W_P4V_A_203,True,True,True,True,True,True,True,True,True,False,True,True,True,True,True,True,False,True,False,True,True,True,False,True,True,True,False
7N6F_0I1,/home/carmen/docking/data_sets/posebusters_benchmark_set/7N6F_0I1/7N6F_0I1_ligand_opt_start_deepdock.sdf,7N6F_0I1_A_502,True,True,True,True,True,True,True,True,True,True,True,True,False,True,True,True,False,True,False,True,True,True,False,True,True,True,False
7NB4_U6Q,/home/carmen/docking/data_sets/posebusters_benchmark_set/7NB4_U6Q/7NB4_U6Q_ligand_opt_start_deepdock.sdf,7NB4_U6Q_A_401,True,True,True,True,True,True,True,True,True,True,True,True,False,True,True,True,False,True,False,False,False,False,False,False,True,True,False
7NGW_UAW,/home/carmen/docking/data_sets/posebusters_benchmark_set/7NGW_UAW/7NGW_UAW_ligand_opt_start_deepdock.sdf,7NGW_UAW_A_301,True,True,True,True,True,True,True,True,True,True,True,True,False,True,True,True,False,True,False,True,True,True,False,True,True,True,False
7NLK_UHK,/home/carmen/docking/data_sets/posebusters_benchmark_set/7NLK_UHK/7NLK_UHK_ligand_opt_start_deepdock.sdf,7NLK_UHK_B_403,True,True,True,True,True,True,True,True,True,False,True,True,False,True,True,True,False,True,False,True,True,True,False,True,True,True,False
7NLV_UJE,/home/carmen/docking/data_sets/posebusters_benchmark_set/7NLV_UJE/7NLV_UJE_ligand_opt_start_deepdock.sdf,7NLV_UJE_BBB_201,True,True,True,True,True,True,True,True,True,True,True,True,False,True,True,True,False,True,False,True,True,True,False,True,True,True,False
7NML_I7B,/home/carmen/docking/data_sets/posebusters_benchmark_set/7NML_I7B/7NML_I7B_ligand_opt_start_deepdock.sdf,7NML_I7B_B_201,True,True,True,True,True,True,True,True,True,True,True,True,True,True,True,True,True,True,False,False,True,False,False,True,True,True,False
7NPL_UKZ,/home/carmen/docking/data_sets/posebusters_benchmark_set/7NPL_UKZ/7NPL_UKZ_ligand_opt_start_deepdock.sdf,7NPL_UKZ_A_401,True,True,True,True,True,True,True,True,True,False,True,True,False,True,True,True,False,True,False,True,True,True,False,True,True,True,False
7NR8_UOE,/home/carmen/docking/data_sets/posebusters_benchmark_set/7NR8_UOE/7NR8_UOE_ligand_opt_start_deepdock.sdf,7NR8_UOE_A_408,True,True,True,True,True,True,True,True,True,False,True,True,False,True,True,True,False,True,False,True,True,True,False,True,True,True,False
7NUT_GLP,/home/carmen/docking/data_sets/posebusters_benchmark_set/7NUT_GLP/7NUT_GLP_ligand_opt_start_deepdock.sdf,7NUT_GLP_B_501,True,True,True,True,True,True,True,True,True,False,True,True,True,True,True,True,True,True,False,True,True,True,False,True,True,True,False
7OCB_V88,/home/carmen/docking/data_sets/posebusters_benchmark_set/7OCB_V88/7OCB_V88_ligand_opt_start_deepdock.sdf,7OCB_V88_B_301,True,True,True,True,True,True,True,True,True,True,True,True,False,True,True,True,False,True,False,True,True,True,False,True,True,True,False
7OEO_V9Z,/home/carmen/docking/data_sets/posebusters_benchmark_set/7OEO_V9Z/7OEO_V9Z_ligand_opt_start_deepdock.sdf,7OEO_V9Z_AAA_501,True,True,True,True,True,True,True,True,True,True,True,True,False,True,True,True,False,True,False,True,True,True,False,True,True,True,False
7OFK_VCH,/home/carmen/docking/data_sets/posebusters_benchmark_set/7OFK_VCH/7OFK_VCH_ligand_opt_start_deepdock.sdf,7OFK_VCH_A_601,True,True,True,True,True,True,True,True,True,False,True,True,True,True,True,True,True,True,False,True,True,True,False,True,True,True,False
7OLT_58J,/home/carmen/docking/data_sets/posebusters_benchmark_set/7OLT_58J/7OLT_58J_ligand_opt_start_deepdock.sdf,7OLT_58J_A_402,True,True,True,True,True,True,True,True,True,True,True,True,True,True,True,True,True,True,False,True,True,True,False,True,True,True,False
7OSO_0V1,/home/carmen/docking/data_sets/posebusters_benchmark_set/7OSO_0V1/7OSO_0V1_ligand_opt_start_deepdock.sdf,7OSO_0V1_A_504,True,True,True,True,True,True,True,True,True,False,True,True,True,True,True,True,True,True,False,True,True,True,False,True,True,True,False
7OZC_G6S,/home/carmen/docking/data_sets/posebusters_benchmark_set/7OZC_G6S/7OZC_G6S_ligand_opt_start_deepdock.sdf,7OZC_G6S_AAA_601,True,True,True,True,True,True,True,True,True,False,True,True,False,True,True,True,False,True,False,True,True,True,False,True,True,True,False
7P1F_KFN,/home/carmen/docking/data_sets/posebusters_benchmark_set/7P1F_KFN/7P1F_KFN_ligand_opt_start_deepdock.sdf,7P1F_KFN_B_501,True,True,True,True,True,True,True,True,True,False,True,True,True,True,True,True,True,True,False,True,True,True,False,True,True,True,False
7P4J_5JK,/home/carmen/docking/data_sets/posebusters_benchmark_set/7P4J_5JK/7P4J_5JK_ligand_opt_start_deepdock.sdf,7P4J_5JK_A_904,True,True,True,True,True,True,True,True,True,True,True,True,False,True,True,True,False,True,False,False,False,False,False,False,True,True,False
7P5T_5YG,/home/carmen/docking/data_sets/posebusters_benchmark_set/7P5T_5YG/7P5T_5YG_ligand_opt_start_deepdock.sdf,7P5T_5YG_A_402,True,True,True,True,True,True,True,True,True,True,True,True,True,True,True,True,True,True,False,True,True,True,False,True,True,True,False
7P85_5ZG,/home/carmen/docking/data_sets/posebusters_benchmark_set/7P85_5ZG/7P85_5ZG_ligand_opt_start_deepdock.sdf,7P85_5ZG_A_401,True,True,True,True,True,True,True,True,True,True,True,True,False,True,True,True,False,True,False,True,True,True,False,True,True,True,False
7PIH_7QW,/home/carmen/docking/data_sets/posebusters_benchmark_set/7PIH_7QW/7PIH_7QW_ligand_opt_start_deepdock.sdf,7PIH_7QW_A_401,True,True,True,True,True,True,True,True,True,False,True,True,True,True,True,True,True,True,False,True,True,True,False,True,True,True,False
7PRI_7TI,/home/carmen/docking/data_sets/posebusters_benchmark_set/7PRI_7TI/7PRI_7TI_ligand_opt_start_deepdock.sdf,7PRI_7TI_BBB_406,True,True,True,True,True,True,True,True,True,True,True,True,False,True,True,True,False,True,False,True,True,True,False,True,True,True,False
7PUV_84Z,/home/carmen/docking/data_sets/posebusters_benchmark_set/7PUV_84Z/7PUV_84Z_ligand_opt_start_deepdock.sdf,7PUV_84Z_A_304,True,True,True,True,True,True,True,True,True,True,True,True,False,True,True,True,False,True,False,True,True,True,False,True,True,True,False
7Q5I_I0F,/home/carmen/docking/data_sets/posebusters_benchmark_set/7Q5I_I0F/7Q5I_I0F_ligand_opt_start_deepdock.sdf,7Q5I_I0F_AAA_901,True,True,True,True,True,True,True,True,True,True,True,True,True,True,True,True,True,True,False,True,True,True,False,True,True,True,False
7R59_I5F,/home/carmen/docking/data_sets/posebusters_benchmark_set/7R59_I5F/7R59_I5F_ligand_opt_start_deepdock.sdf,7R59_I5F_A_602,True,True,True,True,True,True,True,True,True,True,True,True,True,True,True,True,True,True,False,False,False,False,False,False,False,False,False
7RPZ_6IC,/home/carmen/docking/data_sets/posebusters_benchmark_set/7RPZ_6IC/7RPZ_6IC_ligand_opt_start_deepdock.sdf,7RPZ_6IC_A_202,True,True,True,True,True,True,True,True,True,True,True,True,True,True,True,True,True,True,False,True,True,True,False,True,True,True,False
7SDD_4IP,/home/carmen/docking/data_sets/posebusters_benchmark_set/7SDD_4IP/7SDD_4IP_ligand_opt_start_deepdock.sdf,7SDD_4IP_A_500,True,True,True,True,True,True,True,True,True,False,True,True,False,True,True,True,False,True,False,True,True,True,False,True,True,True,False
7SED_8VD,/home/carmen/docking/data_sets/posebusters_benchmark_set/7SED_8VD/7SED_8VD_ligand_opt_start_deepdock.sdf,7SED_8VD_A_401,True,True,True,True,True,True,True,True,True,True,True,True,True,True,True,True,True,True,False,True,True,True,False,True,True,True,False
7SFO_98L,/home/carmen/docking/data_sets/posebusters_benchmark_set/7SFO_98L/7SFO_98L_ligand_opt_start_deepdock.sdf,7SFO_98L_A_601,True,True,True,True,True,True,True,True,True,True,True,True,False,True,True,True,False,True,False,True,True,True,False,True,True,True,False
7SSM_B7L,/home/carmen/docking/data_sets/posebusters_benchmark_set/7SSM_B7L/7SSM_B7L_ligand_opt_start_deepdock.sdf,7SSM_B7L_A_4000,True,True,True,True,True,True,True,True,True,True,True,True,False,True,True,True,False,True,False,True,True,True,False,True,True,True,False
7SUC_COM,/home/carmen/docking/data_sets/posebusters_benchmark_set/7SUC_COM/7SUC_COM_ligand_opt_start_deepdock.sdf,7SUC_COM_a_604,True,True,True,True,True,True,True,True,True,True,True,True,True,True,True,True,True,True,False,True,True,True,False,True,True,True,False
7SZA_DUI,/home/carmen/docking/data_sets/posebusters_benchmark_set/7SZA_DUI/7SZA_DUI_ligand_opt_start_deepdock.sdf,7SZA_DUI_A_501,True,True,True,True,True,True,True,True,True,False,True,True,True,True,True,True,True,True,False,True,True,True,False,True,True,True,False
7T0D_FPP,/home/carmen/docking/data_sets/posebusters_benchmark_set/7T0D_FPP/7T0D_FPP_ligand_opt_start_deepdock.sdf,7T0D_FPP_B_646,True,True,True,True,True,True,True,True,True,True,True,True,False,True,True,True,False,True,False,True,True,True,False,True,True,True,False
7TS6_KMI,/home/carmen/docking/data_sets/posebusters_benchmark_set/7TS6_KMI/7TS6_KMI_ligand_opt_start_deepdock.sdf,7TS6_KMI_A_803,True,True,True,True,True,True,True,True,True,True,True,True,True,True,True,True,False,True,False,True,True,True,False,True,True,True,False
7TUO_KL9,/home/carmen/docking/data_sets/posebusters_benchmark_set/7TUO_KL9/7TUO_KL9_ligand_opt_start_deepdock.sdf,7TUO_KL9_A_802,True,True,True,True,True,True,True,True,True,True,True,True,False,True,True,True,False,True,False,True,True,True,False,True,True,True,False
7TWC_CXS,/home/carmen/docking/data_sets/posebusters_benchmark_set/7TWC_CXS/7TWC_CXS_ligand_opt_start_deepdock.sdf,7TWC_CXS_A_501,True,True,True,True,True,True,True,True,True,True,True,True,False,True,True,True,False,True,False,True,True,True,False,True,True,True,False
7U0U_FK5,/home/carmen/docking/data_sets/posebusters_benchmark_set/7U0U_FK5/7U0U_FK5_ligand_opt_start_deepdock.sdf,7U0U_FK5_B_201,True,True,True,True,True,True,True,True,True,True,True,True,False,True,True,True,False,True,False,True,True,True,False,True,True,True,False
7U3J_L6U,/home/carmen/docking/data_sets/posebusters_benchmark_set/7U3J_L6U/7U3J_L6U_ligand_opt_start_deepdock.sdf,7U3J_L6U_A_402,True,True,True,True,True,True,True,True,True,True,True,True,False,True,True,True,False,True,False,True,True,True,False,True,True,True,False
7UF2_5SP,/home/carmen/docking/data_sets/posebusters_benchmark_set/7UF2_5SP/7UF2_5SP_ligand_opt_start_deepdock.sdf,7UF2_5SP_A_301,True,True,True,True,True,True,True,True,True,True,True,True,False,True,True,True,False,True,True,True,True,True,True,True,True,True,False
7UJ4_OQ4,/home/carmen/docking/data_sets/posebusters_benchmark_set/7UJ4_OQ4/7UJ4_OQ4_ligand_opt_start_deepdock.sdf,7UJ4_OQ4_B_601,True,True,True,True,True,True,True,True,True,True,True,True,False,True,True,True,False,True,False,True,True,True,False,True,True,True,False
7UJ5_DGL,/home/carmen/docking/data_sets/posebusters_benchmark_set/7UJ5_DGL/7UJ5_DGL_ligand_opt_start_deepdock.sdf,7UJ5_DGL_D_301,True,True,True,True,True,True,True,True,True,True,True,True,False,True,True,True,False,True,False,True,True,True,False,True,True,True,False
7UJF_R3V,/home/carmen/docking/data_sets/posebusters_benchmark_set/7UJF_R3V/7UJF_R3V_ligand_opt_start_deepdock.sdf,7UJF_R3V_A_601,True,True,True,True,True,True,True,True,True,False,True,True,True,True,True,True,False,True,False,True,True,True,False,True,True,True,False
7V3S_5I9,/home/carmen/docking/data_sets/posebusters_benchmark_set/7V3S_5I9/7V3S_5I9_ligand_opt_start_deepdock.sdf,7V3S_5I9_A_1401,True,True,True,True,True,True,True,True,True,True,True,True,True,True,True,True,True,True,False,True,True,True,False,True,True,True,False
7VKZ_NOJ,/home/carmen/docking/data_sets/posebusters_benchmark_set/7VKZ_NOJ/7VKZ_NOJ_ligand_opt_start_deepdock.sdf,7VKZ_NOJ_A_801,True,True,True,True,True,True,True,True,True,False,True,True,True,True,True,True,True,True,False,True,True,True,False,True,True,True,False
7VQ9_ISY,/home/carmen/docking/data_sets/posebusters_benchmark_set/7VQ9_ISY/7VQ9_ISY_ligand_opt_start_deepdock.sdf,7VQ9_ISY_B_301,True,True,True,True,True,True,True,True,True,True,True,True,False,True,True,True,False,True,False,True,True,True,False,True,True,True,False
7VWF_K55,/home/carmen/docking/data_sets/posebusters_benchmark_set/7VWF_K55/7VWF_K55_ligand_opt_start_deepdock.sdf,7VWF_K55_B_502,True,True,True,True,True,True,True,True,True,True,True,True,False,True,True,True,False,True,False,True,True,True,False,True,True,True,False
7W6F_8I6,/home/carmen/docking/data_sets/posebusters_benchmark_set/7W6F_8I6/7W6F_8I6_ligand_opt_start_deepdock.sdf,7W6F_8I6_A_201,True,True,True,True,True,True,True,True,True,True,True,True,False,True,True,True,False,True,False,True,True,True,False,True,True,True,False
7WDT_NGS,/home/carmen/docking/data_sets/posebusters_benchmark_set/7WDT_NGS/7WDT_NGS_ligand_opt_start_deepdock.sdf,7WDT_NGS_A_901,True,True,True,True,True,True,True,True,True,True,True,True,False,True,True,True,False,True,False,True,True,True,False,True,True,True,False
7WL4_JFU,/home/carmen/docking/data_sets/posebusters_benchmark_set/7WL4_JFU/7WL4_JFU_ligand_opt_start_deepdock.sdf,7WL4_JFU_A_201,True,True,True,True,True,True,True,True,True,True,True,True,False,True,True,True,False,True,False,True,True,True,False,True,True,True,False
7WPW_F15,/home/carmen/docking/data_sets/posebusters_benchmark_set/7WPW_F15/7WPW_F15_ligand_opt_start_deepdock.sdf,7WPW_F15_A_200,True,True,True,True,True,True,True,True,True,True,True,True,False,True,True,True,False,True,False,True,True,True,False,True,True,True,False
7WQQ_5Z6,/home/carmen/docking/data_sets/posebusters_benchmark_set/7WQQ_5Z6/7WQQ_5Z6_ligand_opt_start_deepdock.sdf,7WQQ_5Z6_A_501,True,True,True,True,True,True,True,True,True,True,True,True,True,True,True,True,True,True,False,True,True,True,False,True,True,True,False
7WUX_6OI,/home/carmen/docking/data_sets/posebusters_benchmark_set/7WUX_6OI/7WUX_6OI_ligand_opt_start_deepdock.sdf,7WUX_6OI_C_402,True,True,True,True,True,True,True,True,True,True,True,True,False,True,True,True,False,True,False,True,True,True,False,True,True,True,False
7WY1_D0L,/home/carmen/docking/data_sets/posebusters_benchmark_set/7WY1_D0L/7WY1_D0L_ligand_opt_start_deepdock.sdf,7WY1_D0L_B_502,True,True,True,True,True,True,True,True,True,False,True,True,False,True,True,True,False,True,False,True,True,True,False,True,True,True,False
7XI7_4RI,/home/carmen/docking/data_sets/posebusters_benchmark_set/7XI7_4RI/7XI7_4RI_ligand_opt_start_deepdock.sdf,7XI7_4RI_A_201,True,True,True,True,True,True,True,True,True,True,True,True,False,True,True,True,False,True,False,True,True,True,False,True,True,True,False
7XJN_NSD,/home/carmen/docking/data_sets/posebusters_benchmark_set/7XJN_NSD/7XJN_NSD_ligand_opt_start_deepdock.sdf,7XJN_NSD_A_401,True,True,True,True,True,True,True,True,True,True,True,True,False,True,True,True,False,True,False,True,True,True,False,True,True,True,False
7XQZ_FPF,/home/carmen/docking/data_sets/posebusters_benchmark_set/7XQZ_FPF/7XQZ_FPF_ligand_opt_start_deepdock.sdf,7XQZ_FPF_A_601,True,True,True,True,True,True,True,True,True,True,True,True,False,True,True,True,False,True,False,True,True,True,False,True,True,True,False
7YZU_DO7,/home/carmen/docking/data_sets/posebusters_benchmark_set/7YZU_DO7/7YZU_DO7_ligand_opt_start_deepdock.sdf,7YZU_DO7_A_401,True,True,True,True,True,True,True,True,True,False,True,True,False,True,True,True,False,True,False,True,True,True,False,True,True,True,False
7Z1Q_NIO,/home/carmen/docking/data_sets/posebusters_benchmark_set/7Z1Q_NIO/7Z1Q_NIO_ligand_opt_start_deepdock.sdf,7Z1Q_NIO_A_301,True,True,True,True,True,True,True,True,True,True,True,True,True,True,True,True,True,True,False,True,True,True,False,True,True,True,False
7Z2O_IAJ,/home/carmen/docking/data_sets/posebusters_benchmark_set/7Z2O_IAJ/7Z2O_IAJ_ligand_opt_start_deepdock.sdf,7Z2O_IAJ_A_701,True,True,True,True,True,True,True,True,True,True,True,True,True,True,True,True,True,True,False,True,True,True,False,True,True,True,False
7ZCC_OGA,/home/carmen/docking/data_sets/posebusters_benchmark_set/7ZCC_OGA/7ZCC_OGA_ligand_opt_start_deepdock.sdf,7ZCC_OGA_D_402,True,True,True,True,True,True,True,True,True,True,True,True,True,True,True,True,True,True,False,True,True,True,False,True,True,True,False
7ZOC_T8E,/home/carmen/docking/data_sets/posebusters_benchmark_set/7ZOC_T8E/7ZOC_T8E_ligand_opt_start_deepdock.sdf,7ZOC_T8E_A_803,True,True,True,True,True,True,True,True,True,False,True,True,False,True,True,True,False,True,False,True,True,True,False,True,True,True,False
7ZU2_DHT,/home/carmen/docking/data_sets/posebusters_benchmark_set/7ZU2_DHT/7ZU2_DHT_ligand_opt_start_deepdock.sdf,7ZU2_DHT_A_1001,True,True,True,True,True,True,True,True,True,True,True,True,True,True,True,True,True,True,False,True,True,True,False,True,True,True,False
7ZXV_45D,/home/carmen/docking/data_sets/posebusters_benchmark_set/7ZXV_45D/7ZXV_45D_ligand_opt_start_deepdock.sdf,7ZXV_45D_A_402,True,True,True,True,True,True,True,True,True,True,True,True,True,True,True,True,False,True,False,True,True,True,False,True,True,True,False
7ZXZ_K9R,/home/carmen/docking/data_sets/posebusters_benchmark_set/7ZXZ_K9R/7ZXZ_K9R_ligand_opt_start_deepdock.sdf,7ZXZ_K9R_B_201,True,True,True,True,True,True,True,True,True,False,True,True,False,True,True,True,False,True,False,True,True,True,False,True,True,True,False
7ZYS_KNR,/home/carmen/docking/data_sets/posebusters_benchmark_set/7ZYS_KNR/7ZYS_KNR_ligand_opt_start_deepdock.sdf,7ZYS_KNR_B_201,True,True,True,True,True,True,True,True,True,False,True,True,False,True,True,True,False,True,False,True,True,True,False,True,True,True,False
7ZZW_KKW,/home/carmen/docking/data_sets/posebusters_benchmark_set/7ZZW_KKW/7ZZW_KKW_ligand_opt_start_deepdock.sdf,7ZZW_KKW_B_610,True,True,True,True,True,True,True,True,True,False,True,True,False,True,True,True,False,True,False,True,True,True,False,True,True,True,False
8ACL_LQL,/home/carmen/docking/data_sets/posebusters_benchmark_set/8ACL_LQL/8ACL_LQL_ligand_opt_start_deepdock.sdf,8ACL_LQL_A_401,True,True,True,True,True,True,True,True,True,False,True,True,False,True,True,True,False,True,False,True,True,True,False,True,True,True,False
8AIE_M7L,/home/carmen/docking/data_sets/posebusters_benchmark_set/8AIE_M7L/8AIE_M7L_ligand_opt_start_deepdock.sdf,8AIE_M7L_B_301,True,True,True,True,True,True,True,True,True,True,True,True,False,True,True,True,False,True,False,True,True,True,False,True,True,True,False
8AIJ_M9I,/home/carmen/docking/data_sets/posebusters_benchmark_set/8AIJ_M9I/8AIJ_M9I_ligand_opt_start_deepdock.sdf,8AIJ_M9I_BBB_203,True,True,True,True,True,True,True,True,True,False,True,True,False,True,True,True,False,True,False,True,True,True,False,True,True,True,False
8AJX_FUM,/home/carmen/docking/data_sets/posebusters_benchmark_set/8AJX_FUM/8AJX_FUM_ligand_opt_start_deepdock.sdf,8AJX_FUM_A_302,True,True,True,True,True,True,True,True,True,True,True,True,True,True,True,True,True,True,False,True,True,True,False,True,True,True,False
8AP0_PRP,/home/carmen/docking/data_sets/posebusters_benchmark_set/8AP0_PRP/8AP0_PRP_ligand_opt_start_deepdock.sdf,8AP0_PRP_AAA_401,True,True,True,True,True,True,True,True,True,True,True,True,False,True,True,True,False,True,False,True,True,True,False,True,True,True,False
8AQL_PLG,/home/carmen/docking/data_sets/posebusters_benchmark_set/8AQL_PLG/8AQL_PLG_ligand_opt_start_deepdock.sdf,8AQL_PLG_B_601,True,True,True,True,True,True,True,True,True,True,True,True,False,True,True,True,False,True,False,True,True,True,False,True,True,True,False
8AUH_L9I,/home/carmen/docking/data_sets/posebusters_benchmark_set/8AUH_L9I/8AUH_L9I_ligand_opt_start_deepdock.sdf,8AUH_L9I_B_403,True,True,True,True,True,True,True,True,True,True,True,True,False,True,True,True,False,True,False,True,True,True,False,True,True,True,False
8BRO_R7E,/home/carmen/docking/data_sets/posebusters_benchmark_set/8BRO_R7E/8BRO_R7E_ligand_opt_start_deepdock.sdf,8BRO_R7E_A_201,True,True,True,True,True,True,True,True,True,False,True,True,True,True,True,True,True,True,False,True,True,True,False,True,True,True,False
8D39_QDB,/home/carmen/docking/data_sets/posebusters_benchmark_set/8D39_QDB/8D39_QDB_ligand_opt_start_deepdock.sdf,8D39_QDB_A_501,True,True,True,True,True,True,True,True,True,True,True,True,True,True,True,True,True,True,False,True,True,True,False,True,True,True,False
8D5D_5DK,/home/carmen/docking/data_sets/posebusters_benchmark_set/8D5D_5DK/8D5D_5DK_ligand_opt_start_deepdock.sdf,8D5D_5DK_A_505,True,True,True,True,True,True,True,True,True,False,True,True,False,True,True,True,False,True,False,True,True,True,False,True,True,True,False
8DKO_TFB,/home/carmen/docking/data_sets/posebusters_benchmark_set/8DKO_TFB/8DKO_TFB_ligand_opt_start_deepdock.sdf,8DKO_TFB_B_2002,True,True,True,True,True,True,True,True,True,False,True,True,True,True,True,True,True,True,False,True,True,True,False,True,True,True,False
8DSC_NCA,/home/carmen/docking/data_sets/posebusters_benchmark_set/8DSC_NCA/8DSC_NCA_ligand_opt_start_deepdock.sdf,8DSC_NCA_B_1101,True,True,True,True,True,True,True,True,True,True,True,True,True,True,True,True,True,True,False,True,True,True,False,True,True,True,False
8DW5_FQ7,/home/carmen/docking/data_sets/posebusters_benchmark_set/8DW5_FQ7/8DW5_FQ7_ligand_opt_start_deepdock.sdf,8DW5_FQ7_A_201,True,True,True,True,True,True,True,True,True,True,True,True,False,True,True,True,False,True,False,True,True,True,False,True,True,True,False
8EAB_VN2,/home/carmen/docking/data_sets/posebusters_benchmark_set/8EAB_VN2/8EAB_VN2_ligand_opt_start_deepdock.sdf,8EAB_VN2_B_302,True,True,True,True,True,True,True,True,True,True,True,True,False,True,True,True,False,True,False,True,True,True,False,True,True,True,False
8EAD_UY0,/home/carmen/docking/data_sets/posebusters_benchmark_set/8EAD_UY0/8EAD_UY0_ligand_opt_start_deepdock.sdf,8EAD_UY0_A_202,True,True,True,True,True,True,True,True,True,True,True,True,False,True,True,True,False,True,False,True,True,True,False,True,True,True,False
8ERS_WQO,/home/carmen/docking/data_sets/posebusters_benchmark_set/8ERS_WQO/8ERS_WQO_ligand_opt_start_deepdock.sdf,8ERS_WQO_A_201,True,True,True,True,True,True,True,True,True,True,True,True,False,True,True,True,False,True,False,True,True,True,False,True,True,True,False
8EYE_X4I,/home/carmen/docking/data_sets/posebusters_benchmark_set/8EYE_X4I/8EYE_X4I_ligand_opt_start_deepdock.sdf,8EYE_X4I_A_1106,True,True,True,True,True,True,True,True,True,True,True,True,True,True,True,True,True,True,False,True,True,True,False,True,True,True,False
8G6P_API,/home/carmen/docking/data_sets/posebusters_benchmark_set/8G6P_API/8G6P_API_ligand_opt_start_deepdock.sdf,8G6P_API_A_809,True,True,True,True,True,True,True,True,True,True,True,True,False,True,True,True,False,True,False,True,True,True,False,True,True,True,False
8H0M_2EH,/home/carmen/docking/data_sets/posebusters_benchmark_set/8H0M_2EH/8H0M_2EH_ligand_opt_start_deepdock.sdf,8H0M_2EH_A_405,True,True,True,True,True,True,True,True,True,True,True,True,False,True,True,True,False,True,False,True,True,True,False,True,True,True,False
