5S8I_2LY,/home/carmen/docking/data_sets/posebusters_benchmark_set/5S8I_2LY/5S8I_2LY_ligand_opt_deepdock.sdf,5S8I_2LY_A_1501,True,True,True,True,True,True,True,True,True,True,True,True,False,True,True,True,True,True,False,True,True,True,False,True,True,True,False
5SAK_ZRY,/home/carmen/docking/data_sets/posebusters_benchmark_set/5SAK_ZRY/5SAK_ZRY_ligand_opt_deepdock.sdf,5SAK_ZRY_A_404,True,True,True,True,True,True,True,True,True,True,True,True,True,True,True,True,True,True,False,False,True,False,True,True,True,True,False
5SD5_HWI,/home/carmen/docking/data_sets/posebusters_benchmark_set/5SD5_HWI/5SD5_HWI_ligand_opt_deepdock.sdf,5SD5_HWI_A_202,True,True,True,True,True,True,True,True,True,True,True,True,False,True,True,True,False,True,False,False,False,False,False,False,True,True,False
6M2B_EZO,/home/carmen/docking/data_sets/posebusters_benchmark_set/6M2B_EZO/6M2B_EZO_ligand_opt_deepdock.sdf,6M2B_EZO_A_403,True,True,True,True,True,True,True,True,True,True,True,True,True,True,True,True,True,True,False,True,True,True,True,True,True,True,True
6VTA_AKN,/home/carmen/docking/data_sets/posebusters_benchmark_set/6VTA_AKN/6VTA_AKN_ligand_opt_deepdock.sdf,6VTA_AKN_A_302,True,True,True,True,True,True,True,True,True,False,True,True,False,True,True,True,False,True,False,True,True,True,False,True,True,True,False
6W59_SZD,/home/carmen/docking/data_sets/posebusters_benchmark_set/6W59_SZD/6W59_SZD_ligand_opt_deepdock.sdf,6W59_SZD_A_602,True,True,True,True,True,True,True,True,True,True,True,True,False,True,True,True,False,True,False,True,True,True,False,True,True,True,False
6X8D_ARA,/home/carmen/docking/data_sets/posebusters_benchmark_set/6X8D_ARA/6X8D_ARA_ligand_opt_deepdock.sdf,6X8D_ARA_A_207,True,True,True,True,True,True,True,True,True,False,True,True,True,True,True,True,True,True,False,True,True,True,False,True,True,True,False
6XCT_478,/home/carmen/docking/data_sets/posebusters_benchmark_set/6XCT_478/6XCT_478_ligand_opt_deepdock.sdf,6XCT_478_A_401,True,True,True,True,True,True,True,True,True,False,True,True,False,True,True,True,False,True,False,True,True,True,False,True,True,True,False
6XG5_TOP,/home/carmen/docking/data_sets/posebusters_benchmark_set/6XG5_TOP/6XG5_TOP_ligand_opt_deepdock.sdf,6XG5_TOP_A_303,True,True,True,True,True,True,True,True,True,True,True,True,False,True,True,True,False,True,False,True,True,True,False,True,True,True,False
6XM9_V55,/home/carmen/docking/data_sets/posebusters_benchmark_set/6XM9_V55/6XM9_V55_ligand_opt_deepdock.sdf,6XM9_V55_A_501,True,True,True,True,True,True,True,True,True,True,True,True,True,True,True,True,False,True,False,True,True,True,True,True,True,True,False
6Y7L_QMG,/home/carmen/docking/data_sets/posebusters_benchmark_set/6Y7L_QMG/6Y7L_QMG_ligand_opt_deepdock.sdf,6Y7L_QMG_A_301,True,True,True,True,True,True,True,True,True,True,True,True,True,True,True,True,True,True,False,True,True,True,True,True,True,True,False
6YDY_K73,/home/carmen/docking/data_sets/posebusters_benchmark_set/6YDY_K73/6YDY_K73_ligand_opt_deepdock.sdf,6YDY_K73_A_302,True,True,True,True,True,True,True,True,True,False,True,True,True,True,True,True,False,True,False,True,True,True,False,True,True,True,False
6YMS_OZH,/home/carmen/docking/data_sets/posebusters_benchmark_set/6YMS_OZH/6YMS_OZH_ligand_opt_deepdock.sdf,6YMS_OZH_E_409,True,True,True,True,True,True,True,True,True,True,True,True,False,True,True,True,False,True,False,True,True,True,False,True,True,True,False
6YQV_8K2,/home/carmen/docking/data_sets/posebusters_benchmark_set/6YQV_8K2/6YQV_8K2_ligand_opt_deepdock.sdf,6YQV_8K2_H_308,True,True,True,True,True,True,True,True,True,True,True,True,True,True,True,True,True,True,False,True,True,True,False,True,True,True,False
6YRV_PJ8,/home/carmen/docking/data_sets/posebusters_benchmark_set/6YRV_PJ8/6YRV_PJ8_ligand_opt_deepdock.sdf,6YRV_PJ8_AAA_802,True,True,True,True,True,True,True,True,True,True,True,True,False,True,True,True,False,True,True,True,True,True,True,True,True,True,False
6YSP_PAL,/home/carmen/docking/data_sets/posebusters_benchmark_set/6YSP_PAL/6YSP_PAL_ligand_opt_deepdock.sdf,6YSP_PAL_C_401,True,True,True,True,True,True,True,True,True,True,True,True,False,True,True,True,False,True,False,True,True,True,False,True,True,True,False
6YT6_PKE,/home/carmen/docking/data_sets/posebusters_benchmark_set/6YT6_PKE/6YT6_PKE_ligand_opt_deepdock.sdf,6YT6_PKE_B_701,True,True,True,True,True,True,True,True,True,True,True,True,True,True,True,True,False,True,False,True,True,True,False,True,True,True,False
6YYO_Q1K,/home/carmen/docking/data_sets/posebusters_benchmark_set/6YYO_Q1K/6YYO_Q1K_ligand_opt_deepdock.sdf,6YYO_Q1K_BBB_323,True,True,True,True,True,True,True,True,True,True,True,True,True,True,True,True,True,True,True,True,True,True,True,True,True,True,False
6Z0R_Q4H,/home/carmen/docking/data_sets/posebusters_benchmark_set/6Z0R_Q4H/6Z0R_Q4H_ligand_opt_deepdock.sdf,6Z0R_Q4H_A_301,True,True,True,True,True,True,True,True,True,True,True,True,True,True,True,True,True,True,True,True,True,True,True,True,True,True,False
6Z1C_7EY,/home/carmen/docking/data_sets/posebusters_benchmark_set/6Z1C_7EY/6Z1C_7EY_ligand_opt_deepdock.sdf,6Z1C_7EY_A_501,True,True,True,True,True,True,True,True,True,True,True,True,True,True,True,True,True,True,False,True,True,True,True,True,True,True,False
6Z2C_Q5E,/home/carmen/docking/data_sets/posebusters_benchmark_set/6Z2C_Q5E/6Z2C_Q5E_ligand_opt_deepdock.sdf,6Z2C_Q5E_B_201,True,True,True,True,True,True,True,True,True,True,True,True,False,True,True,True,False,True,False,True,True,True,False,True,True,True,False
6Z4N_Q7B,/home/carmen/docking/data_sets/posebusters_benchmark_set/6Z4N_Q7B/6Z4N_Q7B_ligand_opt_deepdock.sdf,6Z4N_Q7B_BBB_402,True,True,True,True,True,True,True,True,True,True,True,True,False,True,True,True,False,True,False,False,True,False,False,True,True,True,False
6Z5Z_BDF,/home/carmen/docking/data_sets/posebusters_benchmark_set/6Z5Z_BDF/6Z5Z_BDF_ligand_opt_deepdock.sdf,6Z5Z_BDF_A_102,True,True,True,True,True,True,True,True,True,False,True,True,True,True,True,True,True,True,False,True,True,True,False,True,True,True,False
6ZAE_ACV,/home/carmen/docking/data_sets/posebusters_benchmark_set/6ZAE_ACV/6ZAE_ACV_ligand_opt_deepdock.sdf,6ZAE_ACV_A_403,True,True,True,True,True,True,True,True,True,False,True,True,False,True,True,True,False,True,False,True,True,True,False,True,True,True,False
6ZC3_JOR,/home/carmen/docking/data_sets/posebusters_benchmark_set/6ZC3_JOR/6ZC3_JOR_ligand_opt_deepdock.sdf,6ZC3_JOR_B_401,True,True,True,True,True,True,True,True,True,True,True,True,True,True,True,True,True,True,False,True,True,True,False,True,True,True,False
6ZR8_QOZ,/home/carmen/docking/data_sets/posebusters_benchmark_set/6ZR8_QOZ/6ZR8_QOZ_ligand_opt_deepdock.sdf,6ZR8_QOZ_A_302,True,True,True,True,True,True,True,True,True,True,True,True,True,True,True,True,False,True,False,True,True,True,False,True,True,True,False
6ZT2_QPK,/home/carmen/docking/data_sets/posebusters_benchmark_set/6ZT2_QPK/6ZT2_QPK_ligand_opt_deepdock.sdf,6ZT2_QPK_A_303,True,True,True,True,True,True,True,True,True,True,True,True,True,True,True,True,True,True,False,False,True,False,False,True,True,True,False
7A1P_QW2,/home/carmen/docking/data_sets/posebusters_benchmark_set/7A1P_QW2/7A1P_QW2_ligand_opt_deepdock.sdf,7A1P_QW2_A_505,True,True,True,True,True,True,True,True,True,False,True,True,False,True,True,True,False,True,False,True,True,True,True,True,True,True,False
7A9E_R4W,/home/carmen/docking/data_sets/posebusters_benchmark_set/7A9E_R4W/7A9E_R4W_ligand_opt_deepdock.sdf,7A9E_R4W_A_404,True,True,True,True,True,True,True,True,True,True,True,True,True,True,True,True,True,True,True,True,True,True,True,True,True,True,False
7AA0_R6B,/home/carmen/docking/data_sets/posebusters_benchmark_set/7AA0_R6B/7AA0_R6B_ligand_opt_deepdock.sdf,7AA0_R6B_BBB_201,True,True,True,True,True,True,True,True,True,True,True,True,True,True,True,True,True,True,False,True,True,True,True,True,True,True,True
7AKL_RK5,/home/carmen/docking/data_sets/posebusters_benchmark_set/7AKL_RK5/7AKL_RK5_ligand_opt_deepdock.sdf,7AKL_RK5_A_501,True,True,True,True,True,True,True,True,True,True,True,True,True,True,True,True,True,True,False,True,True,True,True,True,True,True,False
7AMC_73B,/home/carmen/docking/data_sets/posebusters_benchmark_set/7AMC_73B/7AMC_73B_ligand_opt_deepdock.sdf,7AMC_73B_B_201,True,True,True,True,True,True,True,True,True,True,True,True,False,True,True,True,False,True,True,True,True,True,True,True,True,True,False
7AN5_RDH,/home/carmen/docking/data_sets/posebusters_benchmark_set/7AN5_RDH/7AN5_RDH_ligand_opt_deepdock.sdf,7AN5_RDH_A_301,True,True,True,True,True,True,True,True,True,True,True,True,True,True,True,True,True,True,False,True,True,True,True,True,True,True,False
7AVI_S2Q,/home/carmen/docking/data_sets/posebusters_benchmark_set/7AVI_S2Q/7AVI_S2Q_ligand_opt_deepdock.sdf,7AVI_S2Q_A_1101,True,True,True,True,True,True,True,True,True,True,True,True,False,True,True,True,False,True,False,True,True,True,False,True,True,True,False
7B2C_TP7,/home/carmen/docking/data_sets/posebusters_benchmark_set/7B2C_TP7/7B2C_TP7_ligand_opt_deepdock.sdf,7B2C_TP7_A_1204,True,True,True,True,True,True,True,True,True,True,True,True,False,True,True,True,False,True,False,True,True,True,False,True,True,True,False
7BA0_T5H,/home/carmen/docking/data_sets/posebusters_benchmark_set/7BA0_T5H/7BA0_T5H_ligand_opt_deepdock.sdf,7BA0_T5H_A_201,True,True,True,True,True,True,True,True,True,False,True,True,False,True,True,True,False,True,False,True,True,True,False,True,True,True,False
7BCP_GCO,/home/carmen/docking/data_sets/posebusters_benchmark_set/7BCP_GCO/7BCP_GCO_ligand_opt_deepdock.sdf,7BCP_GCO_A_401,True,True,True,True,True,True,True,True,True,False,True,True,False,True,True,True,False,True,False,True,True,True,True,True,True,True,False
7BJ6_TVK,/home/carmen/docking/data_sets/posebusters_benchmark_set/7BJ6_TVK/7BJ6_TVK_ligand_opt_deepdock.sdf,7BJ6_TVK_A_207,True,True,True,True,True,True,True,True,True,False,True,True,False,True,True,True,False,True,False,True,True,True,True,True,True,True,False
7BKA_4JC,/home/carmen/docking/data_sets/posebusters_benchmark_set/7BKA_4JC/7BKA_4JC_ligand_opt_deepdock.sdf,7BKA_4JC_D_201,True,True,True,True,True,True,True,True,True,True,True,True,True,True,True,True,True,True,False,False,True,False,False,True,True,True,False
7BLG_GAL,/home/carmen/docking/data_sets/posebusters_benchmark_set/7BLG_GAL/7BLG_GAL_ligand_opt_deepdock.sdf,7BLG_GAL_A_201,True,True,True,True,True,True,True,True,True,True,True,True,True,True,True,True,True,True,False,True,True,True,True,True,True,True,True
7BMI_U4B,/home/carmen/docking/data_sets/posebusters_benchmark_set/7BMI_U4B/7BMI_U4B_ligand_opt_deepdock.sdf,7BMI_U4B_A_802,True,True,True,True,True,True,True,True,True,True,True,True,True,True,True,True,True,True,False,True,True,True,False,True,True,True,False
7BNH_BEZ,/home/carmen/docking/data_sets/posebusters_benchmark_set/7BNH_BEZ/7BNH_BEZ_ligand_opt_deepdock.sdf,7BNH_BEZ_A_501,True,True,True,True,True,True,True,True,True,True,True,True,True,True,True,True,True,True,True,True,True,True,True,True,True,True,True
7C8Q_DSG,/home/carmen/docking/data_sets/posebusters_benchmark_set/7C8Q_DSG/7C8Q_DSG_ligand_opt_deepdock.sdf,7C8Q_DSG_A_401,True,True,True,True,True,True,True,True,True,True,True,True,True,True,True,True,True,True,False,False,True,False,False,True,True,True,True
7CIJ_G0C,/home/carmen/docking/data_sets/posebusters_benchmark_set/7CIJ_G0C/7CIJ_G0C_ligand_opt_deepdock.sdf,7CIJ_G0C_B_601,True,True,True,True,True,True,True,True,True,True,True,True,True,True,True,True,True,True,False,True,True,True,False,True,True,True,False
7CL8_TES,/home/carmen/docking/data_sets/posebusters_benchmark_set/7CL8_TES/7CL8_TES_ligand_opt_deepdock.sdf,7CL8_TES_A_505,True,True,True,True,True,True,True,True,True,False,True,True,True,True,True,True,True,True,False,True,True,True,False,True,True,True,False
7CNQ_G8X,/home/carmen/docking/data_sets/posebusters_benchmark_set/7CNQ_G8X/7CNQ_G8X_ligand_opt_deepdock.sdf,7CNQ_G8X_A_602,True,True,True,True,True,True,True,True,True,False,True,True,True,True,True,True,False,True,False,True,True,True,False,True,True,True,False
7CNS_PMV,/home/carmen/docking/data_sets/posebusters_benchmark_set/7CNS_PMV/7CNS_PMV_ligand_opt_deepdock.sdf,7CNS_PMV_A_501,True,True,True,True,True,True,True,True,True,False,True,True,False,True,True,True,False,True,False,False,True,False,True,True,True,True,False
7CTM_BDP,/home/carmen/docking/data_sets/posebusters_benchmark_set/7CTM_BDP/7CTM_BDP_ligand_opt_deepdock.sdf,7CTM_BDP_A_501,True,True,True,True,True,True,True,True,True,False,True,True,True,True,True,True,True,True,False,True,True,True,False,True,True,True,False
7CUO_PHB,/home/carmen/docking/data_sets/posebusters_benchmark_set/7CUO_PHB/7CUO_PHB_ligand_opt_deepdock.sdf,7CUO_PHB_B_306,True,True,True,True,True,True,True,True,True,True,True,True,True,True,True,True,True,True,False,True,True,True,False,True,True,True,False
7D9L_GSF,/home/carmen/docking/data_sets/posebusters_benchmark_set/7D9L_GSF/7D9L_GSF_ligand_opt_deepdock.sdf,7D9L_GSF_A_305,True,True,True,True,True,True,True,True,True,True,True,True,False,True,True,True,False,True,False,False,True,False,False,False,True,True,False
7DIN_MPO,/home/carmen/docking/data_sets/posebusters_benchmark_set/7DIN_MPO/7DIN_MPO_ligand_opt_deepdock.sdf,7DIN_MPO_A_201,True,True,True,True,True,True,True,True,True,True,True,True,False,True,True,True,False,True,False,True,True,True,False,True,True,True,False
7DKT_GLF,/home/carmen/docking/data_sets/posebusters_benchmark_set/7DKT_GLF/7DKT_GLF_ligand_opt_deepdock.sdf,7DKT_GLF_A_1001,True,True,True,True,True,True,True,True,True,False,True,True,True,True,True,True,True,True,False,True,True,True,True,True,True,True,False
7DQL_4CL,/home/carmen/docking/data_sets/posebusters_benchmark_set/7DQL_4CL/7DQL_4CL_ligand_opt_deepdock.sdf,7DQL_4CL_B_301,True,True,True,True,True,True,True,True,True,True,True,True,True,True,True,True,True,True,False,True,True,True,True,True,True,True,False
7E4L_MDN,/home/carmen/docking/data_sets/posebusters_benchmark_set/7E4L_MDN/7E4L_MDN_ligand_opt_deepdock.sdf,7E4L_MDN_A_301,True,True,True,True,True,True,True,True,True,True,True,True,True,True,True,True,True,True,False,True,True,True,False,True,True,True,False
7EBG_J0L,/home/carmen/docking/data_sets/posebusters_benchmark_set/7EBG_J0L/7EBG_J0L_ligand_opt_deepdock.sdf,7EBG_J0L_A_502,True,True,True,True,True,True,True,True,True,True,True,True,True,True,True,True,True,True,True,True,True,True,True,True,True,True,True
7ECR_SIN,/home/carmen/docking/data_sets/posebusters_benchmark_set/7ECR_SIN/7ECR_SIN_ligand_opt_deepdock.sdf,7ECR_SIN_B_505,True,True,True,True,True,True,True,True,True,True,True,True,False,True,True,True,False,True,True,True,True,True,True,True,True,True,True
7EN7_J79,/home/carmen/docking/data_sets/posebusters_benchmark_set/7EN7_J79/7EN7_J79_ligand_opt_deepdock.sdf,7EN7_J79_A_301,True,True,True,True,True,True,True,True,True,True,True,True,False,True,True,True,False,True,False,True,True,True,False,True,True,True,False
7FB7_8NF,/home/carmen/docking/data_sets/posebusters_benchmark_set/7FB7_8NF/7FB7_8NF_ligand_opt_deepdock.sdf,7FB7_8NF_A_304,True,True,True,True,True,True,True,True,True,True,True,True,True,True,True,True,True,True,True,True,True,True,True,True,True,True,True
7FRX_O88,/home/carmen/docking/data_sets/posebusters_benchmark_set/7FRX_O88/7FRX_O88_ligand_opt_deepdock.sdf,7FRX_O88_E_605,True,True,True,True,True,True,True,True,True,True,True,True,True,True,True,True,True,True,False,True,True,True,False,True,True,True,False
7FT9_4MB,/home/carmen/docking/data_sets/posebusters_benchmark_set/7FT9_4MB/7FT9_4MB_ligand_opt_deepdock.sdf,7FT9_4MB_C_301,True,True,True,True,True,True,True,True,True,True,True,True,True,True,True,True,True,True,True,True,True,True,True,True,True,True,False
7JGW_V9S,/home/carmen/docking/data_sets/posebusters_benchmark_set/7JGW_V9S/7JGW_V9S_ligand_opt_deepdock.sdf,7JGW_V9S_A_301,True,True,True,True,True,True,True,True,True,True,True,True,True,True,True,True,True,True,False,True,True,True,False,True,True,True,False
7JHQ_VAJ,/home/carmen/docking/data_sets/posebusters_benchmark_set/7JHQ_VAJ/7JHQ_VAJ_ligand_opt_deepdock.sdf,7JHQ_VAJ_A_301,True,True,True,True,True,True,True,True,True,True,True,True,True,True,True,True,True,True,False,True,True,True,True,True,True,True,True
7JNB_A2G,/home/carmen/docking/data_sets/posebusters_benchmark_set/7JNB_A2G/7JNB_A2G_ligand_opt_deepdock.sdf,7JNB_A2G_A_503,True,True,True,True,True,True,True,True,True,False,True,True,False,True,True,True,False,True,False,True,True,True,False,True,True,True,False
7JR8_VH7,/home/carmen/docking/data_sets/posebusters_benchmark_set/7JR8_VH7/7JR8_VH7_ligand_opt_deepdock.sdf,7JR8_VH7_B_203,True,True,True,True,True,True,True,True,True,True,True,True,True,True,True,True,True,True,False,True,True,True,False,True,True,True,False
7JUD_MMA,/home/carmen/docking/data_sets/posebusters_benchmark_set/7JUD_MMA/7JUD_MMA_ligand_opt_deepdock.sdf,7JUD_MMA_A_803,True,True,True,True,True,True,True,True,True,False,True,True,True,True,True,True,False,True,False,True,True,True,False,True,True,True,False
7K41_VUA,/home/carmen/docking/data_sets/posebusters_benchmark_set/7K41_VUA/7K41_VUA_ligand_opt_deepdock.sdf,7K41_VUA_A_2602,True,True,True,True,True,True,True,True,True,True,True,True,False,True,True,True,False,True,False,False,True,False,False,True,True,True,False
7KB1_WBJ,/home/carmen/docking/data_sets/posebusters_benchmark_set/7KB1_WBJ/7KB1_WBJ_ligand_opt_deepdock.sdf,7KB1_WBJ_B_501,True,True,True,True,True,True,True,True,True,True,True,True,False,True,True,True,False,True,False,True,True,True,False,True,True,True,False
7KC5_BJZ,/home/carmen/docking/data_sets/posebusters_benchmark_set/7KC5_BJZ/7KC5_BJZ_ligand_opt_deepdock.sdf,7KC5_BJZ_C_402,True,True,True,True,True,True,True,True,True,False,True,True,True,True,True,True,True,True,False,True,True,True,True,True,True,True,False
7KM8_WPD,/home/carmen/docking/data_sets/posebusters_benchmark_set/7KM8_WPD/7KM8_WPD_ligand_opt_deepdock.sdf,7KM8_WPD_A_202,True,True,True,True,True,True,True,True,True,False,True,True,False,True,True,True,False,True,False,True,True,True,False,True,True,True,False
7KP6_WTP,/home/carmen/docking/data_sets/posebusters_benchmark_set/7KP6_WTP/7KP6_WTP_ligand_opt_deepdock.sdf,7KP6_WTP_A_401,True,True,True,True,True,True,True,True,True,True,True,True,True,True,True,True,True,True,False,True,True,True,True,True,True,True,True
7KQU_YOF,/home/carmen/docking/data_sets/posebusters_benchmark_set/7KQU_YOF/7KQU_YOF_ligand_opt_deepdock.sdf,7KQU_YOF_B_402,True,True,True,True,True,True,True,True,True,False,True,True,True,True,True,True,False,True,False,True,True,True,False,True,True,True,False
7KZ9_XN7,/home/carmen/docking/data_sets/posebusters_benchmark_set/7KZ9_XN7/7KZ9_XN7_ligand_opt_deepdock.sdf,7KZ9_XN7_B_601,True,True,True,True,True,True,True,True,True,True,True,True,True,True,True,True,False,True,False,True,True,True,False,True,True,True,False
7L03_F9F,/home/carmen/docking/data_sets/posebusters_benchmark_set/7L03_F9F/7L03_F9F_ligand_opt_deepdock.sdf,7L03_F9F_A_301,True,True,True,True,True,True,True,True,True,True,True,True,False,True,True,True,False,True,False,True,True,True,False,True,True,True,False
7L5F_XNG,/home/carmen/docking/data_sets/posebusters_benchmark_set/7L5F_XNG/7L5F_XNG_ligand_opt_deepdock.sdf,7L5F_XNG_A_304,True,True,True,True,True,True,True,True,True,True,True,True,False,True,True,True,False,True,False,True,True,True,False,True,True,True,False
7L6D_BMF,/home/carmen/docking/data_sets/posebusters_benchmark_set/7L6D_BMF/7L6D_BMF_ligand_opt_deepdock.sdf,7L6D_BMF_A_501,True,True,True,True,True,True,True,True,True,True,True,True,True,True,True,True,True,True,True,True,True,True,True,True,True,True,True
7L7C_XQ1,/home/carmen/docking/data_sets/posebusters_benchmark_set/7L7C_XQ1/7L7C_XQ1_ligand_opt_deepdock.sdf,7L7C_XQ1_A_201,True,True,True,True,True,True,True,True,True,True,True,True,True,True,True,True,True,True,False,True,True,True,False,True,True,True,False
7LCU_XTA,/home/carmen/docking/data_sets/posebusters_benchmark_set/7LCU_XTA/7LCU_XTA_ligand_opt_deepdock.sdf,7LCU_XTA_A_605,True,True,True,True,True,True,True,True,True,True,True,True,True,True,True,True,True,True,False,True,True,True,False,True,True,True,False
7LEV_0JO,/home/carmen/docking/data_sets/posebusters_benchmark_set/7LEV_0JO/7LEV_0JO_ligand_opt_deepdock.sdf,7LEV_0JO_B_406,True,True,True,True,True,True,True,True,True,True,True,True,False,True,True,True,False,True,False,True,True,True,False,True,True,True,False
7LOE_Y84,/home/carmen/docking/data_sets/posebusters_benchmark_set/7LOE_Y84/7LOE_Y84_ligand_opt_deepdock.sdf,7LOE_Y84_A_201,True,True,True,True,True,True,True,True,True,True,True,True,True,True,True,True,True,True,False,True,True,True,True,True,True,True,False
7LOU_IFM,/home/carmen/docking/data_sets/posebusters_benchmark_set/7LOU_IFM/7LOU_IFM_ligand_opt_deepdock.sdf,7LOU_IFM_B_612,True,True,True,True,True,True,True,True,True,True,True,True,True,True,True,True,True,True,False,True,True,True,True,True,True,True,True
7LT0_ONJ,/home/carmen/docking/data_sets/posebusters_benchmark_set/7LT0_ONJ/7LT0_ONJ_ligand_opt_deepdock.sdf,7LT0_ONJ_A_301,True,True,True,True,True,True,True,True,True,True,True,True,True,True,True,True,True,True,False,True,True,True,False,True,True,True,False
7M3H_YPV,/home/carmen/docking/data_sets/posebusters_benchmark_set/7M3H_YPV/7M3H_YPV_ligand_opt_deepdock.sdf,7M3H_YPV_A_501,True,True,True,True,True,True,True,True,True,True,True,True,False,True,True,True,False,True,False,True,True,True,True,True,True,True,True
7MAE_XUS,/home/carmen/docking/data_sets/posebusters_benchmark_set/7MAE_XUS/7MAE_XUS_ligand_opt_deepdock.sdf,7MAE_XUS_A_101,True,True,True,True,True,True,True,True,True,False,True,True,False,True,True,True,False,True,False,True,True,True,False,True,True,True,False
7MGY_ZD1,/home/carmen/docking/data_sets/posebusters_benchmark_set/7MGY_ZD1/7MGY_ZD1_ligand_opt_deepdock.sdf,7MGY_ZD1_A_701,True,True,True,True,True,True,True,True,True,True,True,True,False,True,True,True,False,True,False,True,True,True,False,True,True,True,False
7MMH_ZJY,/home/carmen/docking/data_sets/posebusters_benchmark_set/7MMH_ZJY/7MMH_ZJY_ligand_opt_deepdock.sdf,7MMH_ZJY_A_1202,True,True,True,True,True,True,True,True,True,True,True,True,False,True,True,True,False,True,False,True,True,True,True,True,True,True,False
7MOI_HPS,/home/carmen/docking/data_sets/posebusters_benchmark_set/7MOI_HPS/7MOI_HPS_ligand_opt_deepdock.sdf,7MOI_HPS_A_501,True,True,True,True,True,True,True,True,True,True,True,True,True,True,True,True,True,True,False,True,True,True,True,True,True,True,False
7MS7_ZQ1,/home/carmen/docking/data_sets/posebusters_benchmark_set/7MS7_ZQ1/7MS7_ZQ1_ligand_opt_deepdock.sdf,7MS7_ZQ1_A_302,True,True,True,True,True,True,True,True,True,True,True,True,True,True,True,True,True,True,False,True,True,True,True,True,True,True,False
7MWU_ZPM,/home/carmen/docking/data_sets/posebusters_benchmark_set/7MWU_ZPM/7MWU_ZPM_ligand_opt_deepdock.sdf,7MWU_ZPM_A_2002,True,True,True,True,True,True,True,True,True,True,True,True,True,True,True,True,True,True,False,False,True,False,False,False,True,True,True
7MY1_IPE,/home/carmen/docking/data_sets/posebusters_benchmark_set/7MY1_IPE/7MY1_IPE_ligand_opt_deepdock.sdf,7MY1_IPE_AAA_401,True,True,True,True,True,True,True,True,True,True,True,True,True,True,True,True,True,True,False,True,False,True,False,True,True,True,False
7MYU_ZR7,/home/carmen/docking/data_sets/posebusters_benchmark_set/7MYU_ZR7/7MYU_ZR7_ligand_opt_deepdock.sdf,7MYU_ZR7_A_401,True,True,True,True,True,True,True,True,True,True,True,True,True,True,True,True,True,True,False,True,True,True,False,True,True,True,False
7MZS_GLA,/home/carmen/docking/data_sets/posebusters_benchmark_set/7MZS_GLA/7MZS_GLA_ligand_opt_deepdock.sdf,7MZS_GLA_A_301,True,True,True,True,True,True,True,True,True,False,True,True,True,True,True,True,True,True,False,True,True,True,False,True,True,True,False
7N03_ZRP,/home/carmen/docking/data_sets/posebusters_benchmark_set/7N03_ZRP/7N03_ZRP_ligand_opt_deepdock.sdf,7N03_ZRP_A_201,True,True,True,True,True,True,True,True,True,True,True,True,True,True,True,True,False,True,False,True,True,True,True,True,True,True,True
7N4N_0BK,/home/carmen/docking/data_sets/posebusters_benchmark_set/7N4N_0BK/7N4N_0BK_ligand_opt_deepdock.sdf,7N4N_0BK_A_401,True,True,True,True,True,True,True,True,True,True,True,True,True,True,True,True,True,True,False,True,True,True,False,True,True,True,True
7N4W_P4V,/home/carmen/docking/data_sets/posebusters_benchmark_set/7N4W_P4V/7N4W_P4V_ligand_opt_deepdock.sdf,7N4W_P4V_A_203,True,True,True,True,True,True,True,True,True,False,True,True,True,True,True,True,True,True,False,True,True,True,True,True,True,True,False
7N6F_0I1,/home/carmen/docking/data_sets/posebusters_benchmark_set/7N6F_0I1/7N6F_0I1_ligand_opt_deepdock.sdf,7N6F_0I1_A_502,True,True,True,True,True,True,True,True,True,True,True,True,True,True,True,True,True,True,False,False,False,False,False,False,False,False,False
7NB4_U6Q,/home/carmen/docking/data_sets/posebusters_benchmark_set/7NB4_U6Q/7NB4_U6Q_ligand_opt_deepdock.sdf,7NB4_U6Q_A_401,True,True,True,True,True,True,True,True,True,True,True,True,True,True,True,True,True,True,False,True,True,True,False,True,True,True,False
7NGW_UAW,/home/carmen/docking/data_sets/posebusters_benchmark_set/7NGW_UAW/7NGW_UAW_ligand_opt_deepdock.sdf,7NGW_UAW_A_301,True,True,True,True,True,True,True,True,True,True,True,True,True,True,True,True,True,True,False,True,True,True,True,True,True,True,True
7NLK_UHK,/home/carmen/docking/data_sets/posebusters_benchmark_set/7NLK_UHK/7NLK_UHK_ligand_opt_deepdock.sdf,7NLK_UHK_B_403,True,True,True,True,True,True,True,True,True,False,True,True,False,True,True,True,False,True,False,True,False,True,False,True,False,True,False
7NLV_UJE,/home/carmen/docking/data_sets/posebusters_benchmark_set/7NLV_UJE/7NLV_UJE_ligand_opt_deepdock.sdf,7NLV_UJE_CCC_201,True,True,True,True,True,True,True,True,True,False,True,True,True,True,True,True,True,True,False,True,True,True,False,True,True,True,False
7NML_I7B,/home/carmen/docking/data_sets/posebusters_benchmark_set/7NML_I7B/7NML_I7B_ligand_opt_deepdock.sdf,7NML_I7B_B_201,True,True,True,True,True,True,True,True,True,True,True,True,True,True,True,True,True,True,False,False,False,False,False,False,True,True,False
7NPL_UKZ,/home/carmen/docking/data_sets/posebusters_benchmark_set/7NPL_UKZ/7NPL_UKZ_ligand_opt_deepdock.sdf,7NPL_UKZ_A_401,True,True,True,True,True,True,True,True,True,False,True,True,False,True,True,True,False,True,False,True,True,True,False,True,True,True,False
7NR8_UOE,/home/carmen/docking/data_sets/posebusters_benchmark_set/7NR8_UOE/7NR8_UOE_ligand_opt_deepdock.sdf,7NR8_UOE_A_408,True,True,True,True,True,True,True,True,True,False,True,True,False,True,True,True,False,True,False,True,True,True,False,True,True,True,False
7NSW_HC4,/home/carmen/docking/data_sets/posebusters_benchmark_set/7NSW_HC4/7NSW_HC4_ligand_opt_deepdock.sdf,7NSW_HC4_BBB_401,True,True,True,True,True,True,True,True,True,True,True,True,True,True,True,True,True,True,False,True,True,True,True,True,True,True,True
7NTG_F6R,/home/carmen/docking/data_sets/posebusters_benchmark_set/7NTG_F6R/7NTG_F6R_ligand_opt_deepdock.sdf,7NTG_F6R_A_501,True,True,True,True,True,True,True,True,True,False,True,True,False,True,True,True,False,True,False,True,True,True,False,True,True,True,False
7NU0_DCL,/home/carmen/docking/data_sets/posebusters_benchmark_set/7NU0_DCL/7NU0_DCL_ligand_opt_deepdock.sdf,7NU0_DCL_A_1004,True,True,True,True,True,True,True,True,True,True,True,True,True,True,True,True,True,True,False,True,True,True,True,True,True,True,True
7NUT_GLP,/home/carmen/docking/data_sets/posebusters_benchmark_set/7NUT_GLP/7NUT_GLP_ligand_opt_deepdock.sdf,7NUT_GLP_A_501,True,True,True,True,True,True,True,True,True,True,True,True,True,True,True,True,True,True,False,True,True,True,False,True,True,True,False
7OCB_V88,/home/carmen/docking/data_sets/posebusters_benchmark_set/7OCB_V88/7OCB_V88_ligand_opt_deepdock.sdf,7OCB_V88_B_301,True,True,True,True,True,True,True,True,True,True,True,True,False,True,True,True,False,True,False,True,True,True,False,True,True,True,False
7OEO_V9Z,/home/carmen/docking/data_sets/posebusters_benchmark_set/7OEO_V9Z/7OEO_V9Z_ligand_opt_deepdock.sdf,7OEO_V9Z_AAA_501,True,True,True,True,True,True,True,True,True,True,True,True,False,True,True,True,False,True,False,True,True,True,False,True,True,True,False
7OFF_VCB,/home/carmen/docking/data_sets/posebusters_benchmark_set/7OFF_VCB/7OFF_VCB_ligand_opt_deepdock.sdf,7OFF_VCB_A_712,True,True,True,True,True,True,True,True,True,False,True,True,True,True,True,True,False,True,False,True,True,True,True,True,True,True,True
7OFK_VCH,/home/carmen/docking/data_sets/posebusters_benchmark_set/7OFK_VCH/7OFK_VCH_ligand_opt_deepdock.sdf,7OFK_VCH_A_601,True,True,True,True,True,True,True,True,True,False,True,True,False,True,True,True,False,True,False,True,True,True,False,True,True,True,False
7OLT_58J,/home/carmen/docking/data_sets/posebusters_benchmark_set/7OLT_58J/7OLT_58J_ligand_opt_deepdock.sdf,7OLT_58J_A_402,True,True,True,True,True,True,True,True,True,True,True,True,True,True,True,True,True,True,True,True,True,True,True,True,True,True,True
7OPG_06N,/home/carmen/docking/data_sets/posebusters_benchmark_set/7OPG_06N/7OPG_06N_ligand_opt_deepdock.sdf,7OPG_06N_A_501,True,True,True,True,True,True,True,True,True,True,True,True,True,True,True,True,True,True,False,False,True,False,True,True,True,True,True
7OSO_0V1,/home/carmen/docking/data_sets/posebusters_benchmark_set/7OSO_0V1/7OSO_0V1_ligand_opt_deepdock.sdf,7OSO_0V1_A_504,True,True,True,True,True,True,True,True,True,True,True,True,True,True,True,True,True,True,True,True,True,True,True,True,True,True,False
7OU8_1XI,/home/carmen/docking/data_sets/posebusters_benchmark_set/7OU8_1XI/7OU8_1XI_ligand_opt_deepdock.sdf,7OU8_1XI_BBB_801,True,True,True,True,True,True,True,True,True,False,True,True,True,True,True,True,True,True,False,True,True,True,False,True,True,True,False
7OZ9_NGK,/home/carmen/docking/data_sets/posebusters_benchmark_set/7OZ9_NGK/7OZ9_NGK_ligand_opt_deepdock.sdf,7OZ9_NGK_BBB_602,True,True,True,True,True,True,True,True,True,True,True,True,False,True,True,True,False,True,False,True,True,True,False,True,True,True,False
7OZC_G6S,/home/carmen/docking/data_sets/posebusters_benchmark_set/7OZC_G6S/7OZC_G6S_ligand_opt_deepdock.sdf,7OZC_G6S_AAA_601,True,True,True,True,True,True,True,True,True,True,True,True,False,True,True,True,False,True,False,True,True,True,False,True,True,True,False
7P1F_KFN,/home/carmen/docking/data_sets/posebusters_benchmark_set/7P1F_KFN/7P1F_KFN_ligand_opt_deepdock.sdf,7P1F_KFN_B_501,True,True,True,True,True,True,True,True,True,True,True,True,True,True,True,True,False,True,False,True,True,True,False,True,True,True,False
7P2I_MFU,/home/carmen/docking/data_sets/posebusters_benchmark_set/7P2I_MFU/7P2I_MFU_ligand_opt_deepdock.sdf,7P2I_MFU_C_102,True,True,True,True,True,True,True,True,True,False,True,True,True,True,True,True,True,True,True,True,True,True,True,True,True,True,True
7P4C_5OV,/home/carmen/docking/data_sets/posebusters_benchmark_set/7P4C_5OV/7P4C_5OV_ligand_opt_deepdock.sdf,7P4C_5OV_AAA_905,True,True,True,True,True,True,True,True,True,True,True,True,True,True,True,True,True,True,False,True,True,True,True,True,True,True,True
7P4J_5JK,/home/carmen/docking/data_sets/posebusters_benchmark_set/7P4J_5JK/7P4J_5JK_ligand_opt_deepdock.sdf,7P4J_5JK_A_904,True,True,True,True,True,True,True,True,True,True,True,True,True,True,True,False,True,True,False,True,True,True,False,True,True,True,False
7P5T_5YG,/home/carmen/docking/data_sets/posebusters_benchmark_set/7P5T_5YG/7P5T_5YG_ligand_opt_deepdock.sdf,7P5T_5YG_A_402,True,True,True,True,True,True,True,True,True,True,True,True,True,True,True,True,True,True,False,False,True,False,False,True,True,True,False
7P85_5ZG,/home/carmen/docking/data_sets/posebusters_benchmark_set/7P85_5ZG/7P85_5ZG_ligand_opt_deepdock.sdf,7P85_5ZG_A_401,True,True,True,True,True,True,True,True,True,True,True,True,True,True,True,True,True,True,False,True,True,True,True,True,True,True,False
7PIH_7QW,/home/carmen/docking/data_sets/posebusters_benchmark_set/7PIH_7QW/7PIH_7QW_ligand_opt_deepdock.sdf,7PIH_7QW_A_401,True,True,True,True,True,True,True,True,True,True,True,True,True,True,True,True,True,True,False,True,True,True,False,True,True,True,False
7PJQ_OWH,/home/carmen/docking/data_sets/posebusters_benchmark_set/7PJQ_OWH/7PJQ_OWH_ligand_opt_deepdock.sdf,7PJQ_OWH_A_601,True,True,True,True,True,True,True,True,True,True,True,True,True,True,True,True,True,True,True,True,True,True,True,True,True,True,False
7POM_7VZ,/home/carmen/docking/data_sets/posebusters_benchmark_set/7POM_7VZ/7POM_7VZ_ligand_opt_deepdock.sdf,7POM_7VZ_C_302,True,True,True,True,True,True,True,True,True,True,True,True,True,True,True,True,True,True,False,True,True,True,True,True,True,True,True
7PRI_7TI,/home/carmen/docking/data_sets/posebusters_benchmark_set/7PRI_7TI/7PRI_7TI_ligand_opt_deepdock.sdf,7PRI_7TI_AAA_404,True,True,True,True,True,True,True,True,True,True,True,True,False,True,True,True,False,True,False,True,True,True,False,True,True,True,False
7PRM_81I,/home/carmen/docking/data_sets/posebusters_benchmark_set/7PRM_81I/7PRM_81I_ligand_opt_deepdock.sdf,7PRM_81I_A_401,True,True,True,True,True,True,True,True,True,True,True,True,True,True,True,True,True,True,False,True,True,True,True,True,True,True,True
7PUV_84Z,/home/carmen/docking/data_sets/posebusters_benchmark_set/7PUV_84Z/7PUV_84Z_ligand_opt_deepdock.sdf,7PUV_84Z_A_304,True,True,True,True,True,True,True,True,True,True,True,True,True,True,True,True,True,True,False,True,True,True,True,True,True,True,True
7Q19_DSM,/home/carmen/docking/data_sets/posebusters_benchmark_set/7Q19_DSM/7Q19_DSM_ligand_opt_deepdock.sdf,7Q19_DSM_AAA_201,True,True,True,True,True,True,True,True,True,True,True,True,True,True,True,True,True,True,False,True,True,True,True,True,True,True,True
7Q25_8J9,/home/carmen/docking/data_sets/posebusters_benchmark_set/7Q25_8J9/7Q25_8J9_ligand_opt_deepdock.sdf,7Q25_8J9_B_702,True,True,True,True,True,True,True,True,True,True,True,True,False,True,True,True,False,True,False,True,True,True,False,True,True,True,False
7Q2B_M6H,/home/carmen/docking/data_sets/posebusters_benchmark_set/7Q2B_M6H/7Q2B_M6H_ligand_opt_deepdock.sdf,7Q2B_M6H_A_401,True,True,True,True,True,True,True,True,True,True,True,True,True,True,True,True,True,True,False,False,True,False,True,True,True,True,False
7Q5I_I0F,/home/carmen/docking/data_sets/posebusters_benchmark_set/7Q5I_I0F/7Q5I_I0F_ligand_opt_deepdock.sdf,7Q5I_I0F_AAA_901,True,True,True,True,True,True,True,True,True,False,True,True,True,True,True,True,True,True,False,True,True,True,True,True,True,True,True
7QE4_NGA,/home/carmen/docking/data_sets/posebusters_benchmark_set/7QE4_NGA/7QE4_NGA_ligand_opt_deepdock.sdf,7QE4_NGA_BBB_404,True,True,True,True,True,True,True,True,True,True,True,True,True,True,True,True,True,True,False,True,True,True,False,True,True,True,False
7QFM_AY3,/home/carmen/docking/data_sets/posebusters_benchmark_set/7QFM_AY3/7QFM_AY3_ligand_opt_deepdock.sdf,7QFM_AY3_A_402,True,True,True,True,True,True,True,True,True,True,True,True,True,True,True,True,True,True,False,True,True,True,False,True,True,True,False
7QGP_DJ8,/home/carmen/docking/data_sets/posebusters_benchmark_set/7QGP_DJ8/7QGP_DJ8_ligand_opt_deepdock.sdf,7QGP_DJ8_A_401,True,True,True,True,True,True,True,True,True,True,True,True,False,True,True,True,False,True,False,True,True,True,False,True,True,True,False
7QHG_T3B,/home/carmen/docking/data_sets/posebusters_benchmark_set/7QHG_T3B/7QHG_T3B_ligand_opt_deepdock.sdf,7QHG_T3B_B_701,True,True,True,True,True,True,True,True,True,True,True,True,False,True,True,True,False,True,False,True,True,True,False,True,True,True,False
7QPP_VDX,/home/carmen/docking/data_sets/posebusters_benchmark_set/7QPP_VDX/7QPP_VDX_ligand_opt_deepdock.sdf,7QPP_VDX_A_501,True,True,True,True,True,True,True,True,True,True,True,True,False,True,True,True,False,True,False,True,True,True,False,True,True,True,False
7QSW_CAP,/home/carmen/docking/data_sets/posebusters_benchmark_set/7QSW_CAP/7QSW_CAP_ligand_opt_deepdock.sdf,7QSW_CAP_A_501,True,True,True,True,True,True,True,True,True,True,True,True,False,True,True,True,False,True,False,True,False,True,False,True,True,True,False
7R59_I5F,/home/carmen/docking/data_sets/posebusters_benchmark_set/7R59_I5F/7R59_I5F_ligand_opt_deepdock.sdf,7R59_I5F_A_602,True,True,True,True,True,True,True,True,True,True,True,True,True,True,True,True,True,True,True,True,True,True,True,True,True,True,False
7R6J_2I7,/home/carmen/docking/data_sets/posebusters_benchmark_set/7R6J_2I7/7R6J_2I7_ligand_opt_deepdock.sdf,7R6J_2I7_B_901,True,True,True,True,True,True,True,True,True,True,True,True,False,True,True,True,False,True,False,True,True,True,False,True,True,True,False
7R7R_AWJ,/home/carmen/docking/data_sets/posebusters_benchmark_set/7R7R_AWJ/7R7R_AWJ_ligand_opt_deepdock.sdf,7R7R_AWJ_A_1501,True,True,True,True,True,True,True,True,True,False,True,True,False,True,True,True,True,True,False,True,True,True,False,True,True,True,False
7RPZ_6IC,/home/carmen/docking/data_sets/posebusters_benchmark_set/7RPZ_6IC/7RPZ_6IC_ligand_opt_deepdock.sdf,7RPZ_6IC_A_202,True,True,True,True,True,True,True,True,True,False,True,True,False,True,True,True,False,True,False,True,True,True,False,True,True,True,False
7SDD_4IP,/home/carmen/docking/data_sets/posebusters_benchmark_set/7SDD_4IP/7SDD_4IP_ligand_opt_deepdock.sdf,7SDD_4IP_A_500,True,True,True,True,True,True,True,True,True,True,True,True,False,True,True,True,False,True,False,True,True,True,False,True,True,True,False
7SED_8VD,/home/carmen/docking/data_sets/posebusters_benchmark_set/7SED_8VD/7SED_8VD_ligand_opt_deepdock.sdf,7SED_8VD_A_401,True,True,True,True,True,True,True,True,True,True,True,True,True,True,True,True,True,True,False,True,True,True,False,True,True,True,True
7SFO_98L,/home/carmen/docking/data_sets/posebusters_benchmark_set/7SFO_98L/7SFO_98L_ligand_opt_deepdock.sdf,7SFO_98L_A_601,True,True,True,True,True,True,True,True,True,True,True,True,False,True,True,True,False,True,False,True,True,True,True,True,True,True,False
7SGV_L30,/home/carmen/docking/data_sets/posebusters_benchmark_set/7SGV_L30/7SGV_L30_ligand_opt_deepdock.sdf,7SGV_L30_A_501,True,True,True,True,True,True,True,True,True,True,True,True,True,True,True,True,True,True,False,True,True,True,False,True,True,True,False
7SSM_B7L,/home/carmen/docking/data_sets/posebusters_benchmark_set/7SSM_B7L/7SSM_B7L_ligand_opt_deepdock.sdf,7SSM_B7L_A_4000,True,True,True,True,True,True,True,True,True,True,True,True,False,True,True,True,False,True,False,True,True,True,False,True,True,True,False
7SUC_COM,/home/carmen/docking/data_sets/posebusters_benchmark_set/7SUC_COM/7SUC_COM_ligand_opt_deepdock.sdf,7SUC_COM_A_604,True,True,True,True,True,True,True,True,True,True,True,True,True,True,True,True,True,True,False,False,True,False,False,False,True,True,False
7SZA_DUI,/home/carmen/docking/data_sets/posebusters_benchmark_set/7SZA_DUI/7SZA_DUI_ligand_opt_deepdock.sdf,7SZA_DUI_A_501,True,True,True,True,True,True,True,True,True,True,True,True,True,True,True,True,True,True,True,True,True,True,True,True,True,True,False
7T0D_FPP,/home/carmen/docking/data_sets/posebusters_benchmark_set/7T0D_FPP/7T0D_FPP_ligand_opt_deepdock.sdf,7T0D_FPP_B_646,True,True,True,True,True,True,True,True,True,True,True,True,True,True,True,True,False,True,False,False,True,False,False,True,True,True,False
7T3E_SLB,/home/carmen/docking/data_sets/posebusters_benchmark_set/7T3E_SLB/7T3E_SLB_ligand_opt_deepdock.sdf,7T3E_SLB_A_301,True,True,True,True,True,True,True,True,True,True,True,True,False,True,True,True,False,True,False,True,True,True,False,True,True,True,False
7T3F_EM0,/home/carmen/docking/data_sets/posebusters_benchmark_set/7T3F_EM0/7T3F_EM0_ligand_opt_deepdock.sdf,7T3F_EM0_A_201,True,True,True,True,True,True,True,True,True,True,True,True,True,True,True,True,True,True,False,True,True,True,True,True,True,True,True
7T9O_GEI,/home/carmen/docking/data_sets/posebusters_benchmark_set/7T9O_GEI/7T9O_GEI_ligand_opt_deepdock.sdf,7T9O_GEI_A_304,True,True,True,True,True,True,True,True,True,False,True,True,False,True,True,True,False,True,False,True,True,True,False,True,True,True,False
7TBU_S3P,/home/carmen/docking/data_sets/posebusters_benchmark_set/7TBU_S3P/7TBU_S3P_ligand_opt_deepdock.sdf,7TBU_S3P_A_902,True,True,True,True,True,True,True,True,True,True,True,True,True,True,True,True,False,True,False,True,True,True,False,True,True,True,False
7TE8_P0T,/home/carmen/docking/data_sets/posebusters_benchmark_set/7TE8_P0T/7TE8_P0T_ligand_opt_deepdock.sdf,7TE8_P0T_D_201,True,True,True,True,True,True,True,True,True,False,True,True,True,True,True,True,False,True,False,True,True,True,False,True,True,True,False
7THI_PGA,/home/carmen/docking/data_sets/posebusters_benchmark_set/7THI_PGA/7THI_PGA_ligand_opt_deepdock.sdf,7THI_PGA_B_301,True,True,True,True,True,True,True,True,True,True,True,True,True,True,True,True,True,True,False,True,True,True,True,True,True,True,False
7TS6_KMI,/home/carmen/docking/data_sets/posebusters_benchmark_set/7TS6_KMI/7TS6_KMI_ligand_opt_deepdock.sdf,7TS6_KMI_B_803,True,True,True,True,True,True,True,True,True,True,True,True,True,True,True,True,True,True,False,True,True,True,False,True,True,True,False
7TUO_KL9,/home/carmen/docking/data_sets/posebusters_benchmark_set/7TUO_KL9/7TUO_KL9_ligand_opt_deepdock.sdf,7TUO_KL9_A_801,True,True,True,True,True,True,True,True,True,True,True,True,True,True,True,True,True,True,False,True,True,True,True,True,True,True,False
7TWC_CXS,/home/carmen/docking/data_sets/posebusters_benchmark_set/7TWC_CXS/7TWC_CXS_ligand_opt_deepdock.sdf,7TWC_CXS_A_501,True,True,True,True,True,True,True,True,True,True,True,True,False,True,True,True,False,True,False,True,True,True,False,True,True,True,False
7U0U_FK5,/home/carmen/docking/data_sets/posebusters_benchmark_set/7U0U_FK5/7U0U_FK5_ligand_opt_deepdock.sdf,7U0U_FK5_B_201,True,True,True,True,True,True,True,True,True,False,True,True,False,True,True,True,False,True,False,True,True,True,False,True,True,True,False
7U3J_L6U,/home/carmen/docking/data_sets/posebusters_benchmark_set/7U3J_L6U/7U3J_L6U_ligand_opt_deepdock.sdf,7U3J_L6U_A_402,True,True,True,True,True,True,True,True,True,False,True,True,False,True,True,True,False,True,False,True,True,True,False,True,True,True,False
7UEY_N0R,/home/carmen/docking/data_sets/posebusters_benchmark_set/7UEY_N0R/7UEY_N0R_ligand_opt_deepdock.sdf,7UEY_N0R_A_403,True,True,True,True,True,True,True,True,True,True,True,True,True,True,True,True,True,True,False,False,True,False,False,True,True,True,False
7UF2_5SP,/home/carmen/docking/data_sets/posebusters_benchmark_set/7UF2_5SP/7UF2_5SP_ligand_opt_deepdock.sdf,7UF2_5SP_A_301,True,True,True,True,True,True,True,True,True,True,True,True,False,True,True,True,False,True,True,True,False,True,True,True,True,True,False
7UJ4_OQ4,/home/carmen/docking/data_sets/posebusters_benchmark_set/7UJ4_OQ4/7UJ4_OQ4_ligand_opt_deepdock.sdf,7UJ4_OQ4_A_601,True,True,True,True,True,True,True,True,True,True,True,True,False,True,True,True,False,True,False,True,True,True,False,True,True,True,False
7UJ5_DGL,/home/carmen/docking/data_sets/posebusters_benchmark_set/7UJ5_DGL/7UJ5_DGL_ligand_opt_deepdock.sdf,7UJ5_DGL_B_301,True,True,True,True,True,True,True,True,True,True,True,True,True,True,True,True,True,True,False,True,True,True,False,True,True,True,False
7UJF_R3V,/home/carmen/docking/data_sets/posebusters_benchmark_set/7UJF_R3V/7UJF_R3V_ligand_opt_deepdock.sdf,7UJF_R3V_C_601,True,True,True,True,True,True,True,True,True,False,True,True,False,True,True,True,False,True,False,True,True,True,False,True,True,True,False
7UMV_NUU,/home/carmen/docking/data_sets/posebusters_benchmark_set/7UMV_NUU/7UMV_NUU_ligand_opt_deepdock.sdf,7UMV_NUU_A_501,True,True,True,True,True,True,True,True,True,True,True,True,True,True,True,True,True,True,False,True,True,True,False,True,True,True,False
7UQ3_O2U,/home/carmen/docking/data_sets/posebusters_benchmark_set/7UQ3_O2U/7UQ3_O2U_ligand_opt_deepdock.sdf,7UQ3_O2U_A_502,True,True,True,True,True,True,True,True,True,True,True,True,True,True,True,True,True,True,False,True,True,True,True,True,True,True,False
7UY4_SMI,/home/carmen/docking/data_sets/posebusters_benchmark_set/7UY4_SMI/7UY4_SMI_ligand_opt_deepdock.sdf,7UY4_SMI_A_302,True,True,True,True,True,True,True,True,True,False,True,True,True,True,True,True,True,True,False,True,True,True,True,True,True,True,False
7V3N_AKG,/home/carmen/docking/data_sets/posebusters_benchmark_set/7V3N_AKG/7V3N_AKG_ligand_opt_deepdock.sdf,7V3N_AKG_A_1403,True,True,True,True,True,True,True,True,True,True,True,True,True,True,True,True,True,True,False,True,True,True,True,True,True,True,False
7V3S_5I9,/home/carmen/docking/data_sets/posebusters_benchmark_set/7V3S_5I9/7V3S_5I9_ligand_opt_deepdock.sdf,7V3S_5I9_A_1401,True,True,True,True,True,True,True,True,True,True,True,True,False,False,True,True,False,True,False,True,True,True,False,True,True,True,False
7V43_C4O,/home/carmen/docking/data_sets/posebusters_benchmark_set/7V43_C4O/7V43_C4O_ligand_opt_deepdock.sdf,7V43_C4O_A_501,True,True,True,True,True,True,True,True,True,True,True,True,True,True,True,True,True,True,False,True,True,True,False,True,True,True,False
7VB8_STL,/home/carmen/docking/data_sets/posebusters_benchmark_set/7VB8_STL/7VB8_STL_ligand_opt_deepdock.sdf,7VB8_STL_B_401,True,True,True,True,True,True,True,True,True,True,True,True,True,True,True,True,True,True,True,True,True,True,True,True,True,True,False
7VKZ_NOJ,/home/carmen/docking/data_sets/posebusters_benchmark_set/7VKZ_NOJ/7VKZ_NOJ_ligand_opt_deepdock.sdf,7VKZ_NOJ_A_801,True,True,True,True,True,True,True,True,True,True,True,True,True,True,True,True,True,True,False,True,True,True,True,True,True,True,False
7VQ9_ISY,/home/carmen/docking/data_sets/posebusters_benchmark_set/7VQ9_ISY/7VQ9_ISY_ligand_opt_deepdock.sdf,7VQ9_ISY_B_301,True,True,True,True,True,True,True,True,True,True,True,True,True,True,True,True,True,True,False,True,True,True,False,True,True,True,False
7VWF_K55,/home/carmen/docking/data_sets/posebusters_benchmark_set/7VWF_K55/7VWF_K55_ligand_opt_deepdock.sdf,7VWF_K55_A_502,True,True,True,True,True,True,True,True,True,True,True,True,True,True,True,True,True,True,False,True,True,True,False,True,True,True,False
7W06_ITN,/home/carmen/docking/data_sets/posebusters_benchmark_set/7W06_ITN/7W06_ITN_ligand_opt_deepdock.sdf,7W06_ITN_A_301,True,True,True,True,True,True,True,True,True,True,True,True,True,True,True,True,True,True,False,True,True,True,True,True,True,True,True
7W6F_8I6,/home/carmen/docking/data_sets/posebusters_benchmark_set/7W6F_8I6/7W6F_8I6_ligand_opt_deepdock.sdf,7W6F_8I6_A_201,True,True,True,True,True,True,True,True,True,True,True,True,False,True,True,True,False,True,False,True,True,True,False,True,True,True,False
7WDT_NGS,/home/carmen/docking/data_sets/posebusters_benchmark_set/7WDT_NGS/7WDT_NGS_ligand_opt_deepdock.sdf,7WDT_NGS_A_901,True,True,True,True,True,True,True,True,True,False,True,True,False,True,True,True,False,True,False,True,True,True,True,True,True,True,False
7WJB_BGC,/home/carmen/docking/data_sets/posebusters_benchmark_set/7WJB_BGC/7WJB_BGC_ligand_opt_deepdock.sdf,7WJB_BGC_A_802,True,True,True,True,True,True,True,True,True,True,True,True,True,True,True,True,True,True,False,True,True,True,False,True,True,True,True
7WKL_CAQ,/home/carmen/docking/data_sets/posebusters_benchmark_set/7WKL_CAQ/7WKL_CAQ_ligand_opt_deepdock.sdf,7WKL_CAQ_B_401,True,True,True,True,True,True,True,True,True,True,True,True,True,True,True,True,True,True,True,True,True,True,True,True,True,True,False
7WL4_JFU,/home/carmen/docking/data_sets/posebusters_benchmark_set/7WL4_JFU/7WL4_JFU_ligand_opt_deepdock.sdf,7WL4_JFU_A_202,True,True,True,True,True,True,True,True,True,True,True,True,False,True,True,True,True,True,True,True,True,True,True,True,True,True,True
7WPW_F15,/home/carmen/docking/data_sets/posebusters_benchmark_set/7WPW_F15/7WPW_F15_ligand_opt_deepdock.sdf,7WPW_F15_A_200,True,True,True,True,True,True,True,True,True,True,True,True,False,True,True,True,False,True,True,True,True,True,True,True,True,True,False
7WQQ_5Z6,/home/carmen/docking/data_sets/posebusters_benchmark_set/7WQQ_5Z6/7WQQ_5Z6_ligand_opt_deepdock.sdf,7WQQ_5Z6_A_501,True,True,True,True,True,True,True,True,True,True,True,True,True,True,True,True,False,True,False,True,True,True,False,True,True,True,False
7WUX_6OI,/home/carmen/docking/data_sets/posebusters_benchmark_set/7WUX_6OI/7WUX_6OI_ligand_opt_deepdock.sdf,7WUX_6OI_D_401,True,True,True,True,True,True,True,True,True,True,True,True,False,True,True,True,False,True,False,True,True,True,True,True,True,True,False
7WY1_D0L,/home/carmen/docking/data_sets/posebusters_benchmark_set/7WY1_D0L/7WY1_D0L_ligand_opt_deepdock.sdf,7WY1_D0L_B_502,True,True,True,True,True,True,True,True,True,False,True,True,False,True,True,True,False,True,False,True,True,True,False,True,True,True,False
7XEK_9YX,/home/carmen/docking/data_sets/posebusters_benchmark_set/7XEK_9YX/7XEK_9YX_ligand_opt_deepdock.sdf,7XEK_9YX_A_501,True,True,True,True,True,True,True,True,True,True,True,True,False,True,True,True,False,True,False,True,True,True,False,True,True,True,False
7XG5_PLP,/home/carmen/docking/data_sets/posebusters_benchmark_set/7XG5_PLP/7XG5_PLP_ligand_opt_deepdock.sdf,7XG5_PLP_B_401,True,True,True,True,True,True,True,True,True,True,True,True,False,True,True,True,False,True,False,True,True,True,True,True,True,True,False
7XI7_4RI,/home/carmen/docking/data_sets/posebusters_benchmark_set/7XI7_4RI/7XI7_4RI_ligand_opt_deepdock.sdf,7XI7_4RI_A_201,True,True,True,True,True,True,True,True,True,True,True,True,False,True,True,True,False,True,False,True,True,True,True,True,True,True,False
7XJN_NSD,/home/carmen/docking/data_sets/posebusters_benchmark_set/7XJN_NSD/7XJN_NSD_ligand_opt_deepdock.sdf,7XJN_NSD_C_401,True,True,True,True,True,True,True,True,True,True,True,True,False,True,True,True,False,True,False,True,True,True,False,True,True,True,False
7XQZ_FPF,/home/carmen/docking/data_sets/posebusters_benchmark_set/7XQZ_FPF/7XQZ_FPF_ligand_opt_deepdock.sdf,7XQZ_FPF_A_601,True,True,True,True,True,True,True,True,True,True,True,True,False,True,True,True,False,True,False,True,False,True,False,True,True,True,False
7YZU_DO7,/home/carmen/docking/data_sets/posebusters_benchmark_set/7YZU_DO7/7YZU_DO7_ligand_opt_deepdock.sdf,7YZU_DO7_A_401,True,True,True,True,True,True,True,True,True,False,True,True,True,True,True,True,True,True,False,True,True,True,False,True,True,True,False
7Z1Q_NIO,/home/carmen/docking/data_sets/posebusters_benchmark_set/7Z1Q_NIO/7Z1Q_NIO_ligand_opt_deepdock.sdf,7Z1Q_NIO_A_301,True,True,True,True,True,True,True,True,True,True,True,True,True,True,True,True,True,True,False,True,True,True,True,True,True,True,False
7Z2O_IAJ,/home/carmen/docking/data_sets/posebusters_benchmark_set/7Z2O_IAJ/7Z2O_IAJ_ligand_opt_deepdock.sdf,7Z2O_IAJ_A_701,True,True,True,True,True,True,True,True,True,True,True,True,True,True,True,True,True,True,True,True,True,True,True,True,True,True,True
7ZCC_OGA,/home/carmen/docking/data_sets/posebusters_benchmark_set/7ZCC_OGA/7ZCC_OGA_ligand_opt_deepdock.sdf,7ZCC_OGA_D_402,True,True,True,True,True,True,True,True,True,True,True,True,True,True,True,True,True,True,False,False,True,False,True,True,True,True,True
7ZDY_6MJ,/home/carmen/docking/data_sets/posebusters_benchmark_set/7ZDY_6MJ/7ZDY_6MJ_ligand_opt_deepdock.sdf,7ZDY_6MJ_Y_903,True,True,True,True,True,True,True,True,True,False,True,True,True,True,True,True,True,True,True,True,True,True,True,True,True,True,True
7ZF0_DHR,/home/carmen/docking/data_sets/posebusters_benchmark_set/7ZF0_DHR/7ZF0_DHR_ligand_opt_deepdock.sdf,7ZF0_DHR_A_508,True,True,True,True,True,True,True,True,True,True,True,True,True,True,True,True,True,True,False,True,True,True,True,True,True,True,False
7ZOC_T8E,/home/carmen/docking/data_sets/posebusters_benchmark_set/7ZOC_T8E/7ZOC_T8E_ligand_opt_deepdock.sdf,7ZOC_T8E_A_803,True,True,True,True,True,True,True,True,True,True,True,True,True,True,True,True,True,True,False,True,True,True,True,True,True,True,True
7ZTL_BCN,/home/carmen/docking/data_sets/posebusters_benchmark_set/7ZTL_BCN/7ZTL_BCN_ligand_opt_deepdock.sdf,7ZTL_BCN_A_506,True,True,True,True,True,True,True,True,True,True,True,True,False,True,True,True,False,True,False,True,False,True,False,True,False,True,False
7ZU2_DHT,/home/carmen/docking/data_sets/posebusters_benchmark_set/7ZU2_DHT/7ZU2_DHT_ligand_opt_deepdock.sdf,7ZU2_DHT_A_1001,True,True,True,True,True,True,True,True,True,False,True,True,True,True,True,True,True,True,True,True,True,True,True,True,True,True,True
7ZXV_45D,/home/carmen/docking/data_sets/posebusters_benchmark_set/7ZXV_45D/7ZXV_45D_ligand_opt_deepdock.sdf,7ZXV_45D_A_402,True,True,True,True,True,True,True,True,True,True,True,True,True,True,True,True,True,True,False,True,True,True,False,True,True,True,False
7ZXZ_K9R,/home/carmen/docking/data_sets/posebusters_benchmark_set/7ZXZ_K9R/7ZXZ_K9R_ligand_opt_deepdock.sdf,7ZXZ_K9R_B_201,True,True,True,True,True,True,True,True,True,False,True,True,True,True,True,True,True,True,False,True,True,True,False,True,True,True,False
7ZYS_KNR,/home/carmen/docking/data_sets/posebusters_benchmark_set/7ZYS_KNR/7ZYS_KNR_ligand_opt_deepdock.sdf,7ZYS_KNR_B_201,True,True,True,True,True,True,True,True,True,True,True,True,False,True,True,True,False,True,False,True,True,True,False,True,True,True,False
7ZZW_KKW,/home/carmen/docking/data_sets/posebusters_benchmark_set/7ZZW_KKW/7ZZW_KKW_ligand_opt_deepdock.sdf,7ZZW_KKW_B_610,True,True,True,True,True,True,True,True,True,True,True,True,True,True,True,True,True,True,False,True,True,True,False,True,True,True,False
8ACL_LQL,/home/carmen/docking/data_sets/posebusters_benchmark_set/8ACL_LQL/8ACL_LQL_ligand_opt_deepdock.sdf,8ACL_LQL_A_401,True,True,True,True,True,True,True,True,True,True,True,True,False,True,True,True,False,True,False,True,True,True,False,True,True,True,False
8AEU_M0L,/home/carmen/docking/data_sets/posebusters_benchmark_set/8AEU_M0L/8AEU_M0L_ligand_opt_deepdock.sdf,8AEU_M0L_A_302,True,True,True,True,True,True,True,True,True,False,True,True,False,True,True,True,False,True,False,True,True,True,False,True,True,True,False
8AIE_M7L,/home/carmen/docking/data_sets/posebusters_benchmark_set/8AIE_M7L/8AIE_M7L_ligand_opt_deepdock.sdf,8AIE_M7L_B_301,True,True,True,True,True,True,True,True,True,True,True,True,False,True,True,True,False,True,False,True,True,True,True,True,True,True,False
8AIJ_M9I,/home/carmen/docking/data_sets/posebusters_benchmark_set/8AIJ_M9I/8AIJ_M9I_ligand_opt_deepdock.sdf,8AIJ_M9I_BBB_203,True,True,True,True,True,True,True,True,True,False,True,True,False,True,True,True,False,True,False,True,True,True,False,True,True,True,False
8AJX_FUM,/home/carmen/docking/data_sets/posebusters_benchmark_set/8AJX_FUM/8AJX_FUM_ligand_opt_deepdock.sdf,8AJX_FUM_A_302,True,True,True,True,True,True,True,True,True,True,True,True,True,True,True,True,True,True,False,True,True,True,False,True,True,True,False
8AP0_PRP,/home/carmen/docking/data_sets/posebusters_benchmark_set/8AP0_PRP/8AP0_PRP_ligand_opt_deepdock.sdf,8AP0_PRP_AAA_401,True,True,True,True,True,True,True,True,True,False,True,True,False,True,True,True,False,True,False,False,True,False,False,False,True,True,False
8AQL_PLG,/home/carmen/docking/data_sets/posebusters_benchmark_set/8AQL_PLG/8AQL_PLG_ligand_opt_deepdock.sdf,8AQL_PLG_B_601,True,True,True,True,True,True,True,True,True,True,True,True,False,True,True,True,False,True,False,True,True,True,True,True,True,True,False
8AUH_L9I,/home/carmen/docking/data_sets/posebusters_benchmark_set/8AUH_L9I/8AUH_L9I_ligand_opt_deepdock.sdf,8AUH_L9I_B_403,True,True,True,True,True,True,True,True,True,True,True,True,False,True,True,True,False,True,False,False,False,False,False,False,False,False,False
8BPL_CP,/home/carmen/docking/data_sets/posebusters_benchmark_set/8BPL_CP/8BPL_CP_ligand_opt_deepdock.sdf,8BPL_CP_A_2401,True,True,True,True,True,True,True,True,True,True,True,True,False,True,True,True,True,True,False,True,True,True,False,True,True,True,True
8BRO_R7E,/home/carmen/docking/data_sets/posebusters_benchmark_set/8BRO_R7E/8BRO_R7E_ligand_opt_deepdock.sdf,8BRO_R7E_A_201,True,True,True,True,True,True,True,True,True,True,True,True,False,True,True,True,True,True,False,True,True,True,False,True,True,True,False
8CGC_LMR,/home/carmen/docking/data_sets/posebusters_benchmark_set/8CGC_LMR/8CGC_LMR_ligand_opt_deepdock.sdf,8CGC_LMR_A_1001,True,True,True,True,True,True,True,True,True,False,True,True,False,True,True,True,False,True,False,True,True,True,False,True,True,True,False
8CI0_8EL,/home/carmen/docking/data_sets/posebusters_benchmark_set/8CI0_8EL/8CI0_8EL_ligand_opt_deepdock.sdf,8CI0_8EL_CCC_1002,True,True,True,True,True,True,True,True,True,True,True,True,False,True,True,True,False,True,False,True,True,True,False,True,True,True,False
8D19_GSH,/home/carmen/docking/data_sets/posebusters_benchmark_set/8D19_GSH/8D19_GSH_ligand_opt_deepdock.sdf,8D19_GSH_A_501,True,True,True,True,True,True,True,True,True,False,True,True,False,True,True,True,False,True,False,True,True,True,True,True,True,True,False
8D39_QDB,/home/carmen/docking/data_sets/posebusters_benchmark_set/8D39_QDB/8D39_QDB_ligand_opt_deepdock.sdf,8D39_QDB_A_501,True,True,True,True,True,True,True,True,True,True,True,True,True,True,True,True,True,True,False,False,False,False,False,False,False,False,False
8D5D_5DK,/home/carmen/docking/data_sets/posebusters_benchmark_set/8D5D_5DK/8D5D_5DK_ligand_opt_deepdock.sdf,8D5D_5DK_B_505,True,True,True,True,True,True,True,True,True,False,True,True,False,True,True,True,False,True,False,True,True,True,False,True,True,True,False
8DKO_TFB,/home/carmen/docking/data_sets/posebusters_benchmark_set/8DKO_TFB/8DKO_TFB_ligand_opt_deepdock.sdf,8DKO_TFB_A_2002,True,True,True,True,True,True,True,True,True,False,True,True,True,True,True,True,True,True,False,False,True,False,False,True,True,True,True
8DSC_NCA,/home/carmen/docking/data_sets/posebusters_benchmark_set/8DSC_NCA/8DSC_NCA_ligand_opt_deepdock.sdf,8DSC_NCA_A_1001,True,True,True,True,True,True,True,True,True,True,True,True,True,True,True,True,True,True,True,True,True,True,True,True,True,True,True
8DW5_FQ7,/home/carmen/docking/data_sets/posebusters_benchmark_set/8DW5_FQ7/8DW5_FQ7_ligand_opt_deepdock.sdf,8DW5_FQ7_A_201,True,True,True,True,True,True,True,True,True,True,True,True,True,True,True,True,False,True,False,True,True,True,False,True,True,True,False
8EAB_VN2,/home/carmen/docking/data_sets/posebusters_benchmark_set/8EAB_VN2/8EAB_VN2_ligand_opt_deepdock.sdf,8EAB_VN2_B_302,True,True,True,True,True,True,True,True,True,False,True,True,False,True,True,True,False,True,False,True,True,True,True,True,True,True,False
8EAD_UY0,/home/carmen/docking/data_sets/posebusters_benchmark_set/8EAD_UY0/8EAD_UY0_ligand_opt_deepdock.sdf,8EAD_UY0_A_202,True,True,True,True,True,True,True,True,True,True,True,True,False,True,True,True,False,True,False,True,True,True,False,True,True,True,False
8ERS_WQO,/home/carmen/docking/data_sets/posebusters_benchmark_set/8ERS_WQO/8ERS_WQO_ligand_opt_deepdock.sdf,8ERS_WQO_A_201,True,True,True,True,True,True,True,True,True,False,True,True,True,True,True,True,True,True,True,True,True,True,True,True,True,True,False
8EYE_X4I,/home/carmen/docking/data_sets/posebusters_benchmark_set/8EYE_X4I/8EYE_X4I_ligand_opt_deepdock.sdf,8EYE_X4I_A_1106,True,True,True,True,True,True,True,True,True,True,True,True,False,True,True,True,False,True,False,True,True,True,False,True,True,True,False
8G6P_API,/home/carmen/docking/data_sets/posebusters_benchmark_set/8G6P_API/8G6P_API_ligand_opt_deepdock.sdf,8G6P_API_A_809,True,True,True,True,True,True,True,True,True,True,True,True,False,True,True,True,False,True,False,True,True,True,True,True,True,True,False
8GFD_ZHR,/home/carmen/docking/data_sets/posebusters_benchmark_set/8GFD_ZHR/8GFD_ZHR_ligand_opt_deepdock.sdf,8GFD_ZHR_A_601,True,True,True,True,True,True,True,True,True,True,True,True,False,True,True,True,False,True,False,True,True,True,True,True,True,True,False
8H0M_2EH,/home/carmen/docking/data_sets/posebusters_benchmark_set/8H0M_2EH/8H0M_2EH_ligand_opt_deepdock.sdf,8H0M_2EH_A_405,True,True,True,True,True,True,True,True,True,True,True,True,False,True,True,True,False,True,False,True,True,True,True,True,True,True,False
8HFN_XGC,/home/carmen/docking/data_sets/posebusters_benchmark_set/8HFN_XGC/8HFN_XGC_ligand_opt_deepdock.sdf,8HFN_XGC_A_502,True,True,True,True,True,True,True,True,True,False,True,True,False,True,True,True,False,True,False,True,True,True,False,True,True,True,False
